rank,uri,artist_names,track_name,source,peak_rank,previous_rank,weeks_on_chart,streams
1,spotify:track:0yLdNVWF3Srea0uzk55zFn,Miley Cyrus,Flowers,Columbia,1,1,3,18441075
2,spotify:track:1Qrg8KqiBpW07V7PNxwwwL,SZA,Kill Bill,Top Dawg Entertainment/RCA Records,1,2,8,15313761
3,spotify:track:2dHHgzDwk4BJdRwy9uXhTO,"Metro Boomin, The Weeknd, 21 Savage",Creepin' (with The Weeknd & 21 Savage),Republic Records,1,3,9,8185172
4,spotify:track:0vjeOZ3Ft5jvAi9SBFJm1j,"Metro Boomin, Future, Chris Brown",Superhero (Heroes & Villains) [with Future & Chris Brown],Republic Records,2,4,9,7350116
5,spotify:track:1bDbXMyjaUIooNwFE9wn0N,"Drake, 21 Savage",Rich Flex,OVO / Republic Records,1,5,13,7109310
6,spotify:track:4FyesJzVpA39hbYvcseO2d,Lil Uzi Vert,Just Wanna Rock,Generation Now/Atlantic,5,7,16,6938879
7,spotify:track:4nrPB8O7Y7wsOCJdgXkthe,"Bizarrap, Shakira","Shakira: Bzrp Music Sessions, Vol. 53",DALE PLAY Records,5,6,3,6152019
8,spotify:track:2LBqCSwhJGcFQeTHMVGwy3,The Weeknd,Die For You,Universal Republic Records,8,11,99,6123988
9,spotify:track:0V3wPSX9ygBnCm8psDIegu,Taylor Swift,Anti-Hero,Taylor Swift,1,8,15,6034745
10,spotify:track:0JXXNGljqupsJaZsgSbMZV,Miguel,Sure Thing,Jive,10,10,17,6010666
11,spotify:track:5odlY52u43F5BjByhxg7wg,JVKE,golden hour,JVKE,8,9,24,6007823
12,spotify:track:4k6Uh1HXdhtusDW5y8Gbvy,Steve Lacy,Bad Habit,L-M Records/RCA Records,1,12,31,5701790
13,spotify:track:4sx6NRwL6Ol3V6m9exwGlQ,The Kid LAROI,Love Again,Columbia,13,-1,1,5672010
14,spotify:track:1xK59OXxi2TAAAbmZK0kBL,d4vd,Romantic Homicide,Darkroom/Interscope Records,3,16,26,5390206
15,spotify:track:0NZPBYD5qbEWRs3PrGiRkT,"Sam Smith, Kim Petras",Unholy (feat. Kim Petras),Capitol Records UK / EMI,1,13,19,5354329
16,spotify:track:3WMj8moIAXJhHsyLaqIIHI,Zach Bryan,Something in the Orange,Warner Records,4,17,41,5199121
17,spotify:track:42TtHTxWk782ZBiqyOi2d1,"Zach Bryan, Maggie Rogers",Dawns (feat. Maggie Rogers),Warner Records,17,-1,1,5102495
18,spotify:track:4Dvkj6JhhA12EX05fT7y2e,Harry Styles,As It Was,Columbia,1,18,44,5057598
19,spotify:track:2GAhgAjOhEmItWLfgisyOn,SZA,Low,Top Dawg Entertainment/RCA Records,4,14,8,4953235
20,spotify:track:78Sw5GDo6AlGwTwanjXbGh,d4vd,Here With Me,Darkroom/Interscope Records,20,21,15,4826038
21,spotify:track:4iZ4pt7kvcaH6Yo8UoZ4s2,SZA,Snooze,Top Dawg Entertainment/RCA Records,17,19,8,4656546
22,spotify:track:68Dni7IE4VyPkTOH9mRWHr,J. Cole,No Role Modelz,Roc Nation Records LLC,10,26,260,4582137
23,spotify:track:59uQI0PADDKeE6UZDTJEe8,Morgan Wallen,Last Night,Big Loud Records / Mercury Records / Republic Records,23,-1,1,4576092
24,spotify:track:5WxVXxCMRnvxUKFq40ELwq,"RAYE, 070 Shake",Escapism.,Human Re Sources,20,23,9,4465722
25,spotify:track:0IKeDy5bT9G0bA7ZixRT4A,"Fuerza Regida, Grupo Frontera",Bebe Dame,Rancho Humilde/Street Mob Records,18,20,6,4432446
26,spotify:track:3azJifCSqg9fRij2yKIbWz,Tory Lanez,The Color Violet,One Umbrella Records,26,28,22,4205355
27,spotify:track:5jQI2r1RdgtuT8S3iG8zFC,Taylor Swift,Lavender Haze,Taylor Swift,2,39,15,4180401
28,spotify:track:4uUG5RXrOk84mYEfFvj3cK,"David Guetta, Bebe Rexha",I'm Good (Blue),Parlophone UK,8,27,23,4138161
29,spotify:track:5Y35SjAfXjjG0sFQ3KOxmm,SZA,Nobody Gets Me,Top Dawg Entertainment/RCA Records,3,24,8,4061010
30,spotify:track:4686eQ81DEswHa90bcdlC9,Bailey Zimmerman,Rock and A Hard Place,Warner Music Nashville/Elektra,26,35,34,3994124
31,spotify:track:65FftemJ1DbbZ45DUfHJXE,NewJeans,OMG,ADOR,31,33,4,3963376
32,spotify:track:3F5CgOj3wFlRv51JsHbxhe,"Drake, 21 Savage",Jimmy Cooks (feat. 21 Savage),OVO,2,29,33,3926248
33,spotify:track:2QjOHCTQ1Jl3zawyYOpxh6,The Neighbourhood,Sweater Weather,Columbia,13,31,128,3812625
34,spotify:track:2wSTnntOPRi7aQneobFtU4,SZA,Shirt,Top Dawg Entertainment/RCA Records,8,25,14,3722932
35,spotify:track:3hxIUxnT27p5WcmjGUXNwx,Hotel Ugly,Shut up My Moms Calling,"Hotel Ugly, under exclusive license to Amuseio AB",29,37,22,3705099
36,spotify:track:3r8RuvgbX9s7ammBn07D3W,NewJeans,Ditto,ADOR,34,36,6,3671357
37,spotify:track:6BQrmjAgPfPTwILoFEK3Hd,Kali Uchis,I Wish you Roses,Geffen Records,37,52,2,3662173
38,spotify:track:5uU1uuyaUIBOiiUSQG7Wl3,Morgan Wallen,You Proof,Big Loud / Mercury Records / Republic Records,11,32,38,3626194
39,spotify:track:3RKjTYlQrtLXCq5ncswBPp,Baby Tate,"Hey, Mickey!",Yung Baby Tate,39,174,2,3564577
40,spotify:track:4h9wh7iOZ0GGn8QVp4RAOB,OneRepublic,I Ain't Worried,Interscope Records,7,38,35,3533350
41,spotify:track:1IHWl5LamUGEuP4ozKQSXZ,Bad Bunny,Tití Me Preguntó,Rimas Entertainment LLC,3,40,39,3477352
42,spotify:track:3cJjqvXbFwiWgnuWgoyhPM,Steve Lacy,Dark Red,Three Quarter,16,43,78,3434258
43,spotify:track:3i0FkJYlU4MFfYkjFHXXAM,"Sam Smith, Calvin Harris, Jessie Reyez",I'm Not Here To Make Friends,Capitol Records UK / EMI,43,-1,1,3360488
44,spotify:track:7EAMXbLcL0qXmciM5SwMh2,Mac DeMarco,Heart To Heart,Mac’s Record Label,30,30,7,3357848
45,spotify:track:6dgUya35uo964z7GZXM07g,Sabrina Carpenter,Nonsense,Island Records,15,15,4,3335433
46,spotify:track:3cBsEDNhFI9E82vPj3kvi3,Morgan Wallen,Wasted On You,Big Loud / Republic,3,46,106,3279372
47,spotify:track:0WtM2NBVQNNJLh6scP13H8,"Rema, Selena Gomez",Calm Down (with Selena Gomez),Mavin Records / Jonzing World,47,49,20,3261013
48,spotify:track:1N8TTK1Uoy7UvQNUazfUt5,ThxSoMch,SPIT IN MY FACE!,Elektra (NEK),33,34,12,3252659
49,spotify:track:59nOXPmaKlBfGMDeOVGrIK,"Future, Drake, Tems",WAIT FOR U (feat. Drake & Tems),Epic/Freebandz,3,50,40,3159570
50,spotify:track:58ge6dfP91o9oXMzq3XkIS,Arctic Monkeys,505,Domino Recording Co,18,48,107,3128152
51,spotify:track:2CSRrnOEELmhpq8iaAi9cd,SZA,Blind,Top Dawg Entertainment/RCA Records,5,42,8,3111062
52,spotify:track:6Um358vY92UBv5DloTRX9L,"Carin Leon, Grupo Frontera",Que Vuelvas,BorderKid Records/Sony Music Latin,28,41,5,3096405
53,spotify:track:76FeKAU0A4dpFGrVSg2TX2,Morgan Wallen,I Wrote The Book,Big Loud Records / Mercury Records / Republic Records,53,-1,1,3055036
54,spotify:track:1Y3LN4zO1Edc2EluIoSPJN,"Stephen Sanchez, Em Beihold",Until I Found You (with Em Beihold) - Em Beihold Version,Republic Records,18,59,8,3050298
55,spotify:track:1xzi1Jcr7mEi9K2RfzLOqS,Beyoncé,CUFF IT,Parkwood Entertainment/Columbia,10,53,27,3048171
56,spotify:track:6Sq7ltF9Qa7SNFBsV5Cogx,"Bad Bunny, Chencho Corleone",Me Porto Bonito,Rimas Entertainment LLC,2,51,39,3047566
57,spotify:track:48UKTR66uUOT9LaUvooTNx,Luke Combs,The Kind of Love We Make,River House Artists/Columbia Nashville,15,76,33,2999687
58,spotify:track:5BbdKBZO0TH0GhfxUfyhL9,Lil Baby,Freestyle,Quality Control Music (Caroline),58,103,33,2988622
59,spotify:track:0QHEIqNKsMoOY5urbzN48u,Meghan Trainor,Made You Look,Epic,27,60,15,2984401
60,spotify:track:62L9AbfPmUm8gV578rxC51,Morgan Wallen,Everything I Love,Big Loud Records / Mercury Records / Republic Records,60,-1,1,2982331
61,spotify:track:2mnXxnrX5vCGolNkaFvVeM,"Arcángel, Bad Bunny",La Jumpa,Rimas Entertainment LLC.,43,45,9,2976546
62,spotify:track:6IyoLWzljeR3ldQo4KWHT6,Yeat,Out thë way,Field Trip Recordings/Geffen Records,47,47,9,2973938
63,spotify:track:3QFInJAm9eyaho5vBzxInN,"Baby Keem, Kendrick Lamar",family ties (with Kendrick Lamar),Columbia,8,57,75,2957509
64,spotify:track:7H0ya83CMmgFcOhw0UB6ow,Beach House,Space Song,Bella Union,47,58,81,2950439
65,spotify:track:5gDWsRxpJ2lZAffh5p7K0w,"The Weeknd, Lana Del Rey",Stargirl Interlude,Universal Republic Records,57,61,31,2940783
66,spotify:track:2Hh3ETdQKrmSI3QS0hme7g,"Metro Boomin, Future, Don Toliver",Too Many Nights (feat. Don Toliver & with Future),Republic Records,10,44,9,2912858
67,spotify:track:0O6u0VJ46W86TxN9wgyqDj,"Post Malone, Doja Cat",I Like You (A Happier Song) (with Doja Cat),Mercury Records/Republic Records,3,54,35,2891930
68,spotify:track:567e29TDzLwZwfDuEpGTwo,"The Kid LAROI, Justin Bieber",STAY (with Justin Bieber),Columbia,1,147,82,2886458
69,spotify:track:1rydhdFtKe2CRkiaVb7aGF,Lil Yachty,the BLACK seminole.,Quality Control Music/Motown Records,69,-1,1,2847056
70,spotify:track:6UN73IYd0hZxLi8wFPMQij,Coi Leray,Players,Uptown / Republic Records,70,86,3,2826221
71,spotify:track:5ww2BF9slyYgNOk37BlC4u,Manuel Turizo,La Bachata,Sony Music Latin/La Industria,48,65,24,2817434
72,spotify:track:2HbKqm4o0w5wEeEFXm2sD4,"Kendrick Lamar, Jay Rock",Money Trees,Aftermath,52,63,111,2816763
73,spotify:track:4PMqSO5qyjpvzhlLI5GnID,SZA,Good Days,Top Dawg Entertainment/RCA Records,1,56,93,2796915
74,spotify:track:6KGtAlYvgm4W9PoYabFAYE,Morgan Wallen,One Thing At A Time,Big Loud Records / Mercury Records / Republic Records,31,163,9,2791433
75,spotify:track:4EWCNWgDS8707fNSZ1oaA5,Kanye West,Heartless,Roc-A-Fella,40,77,70,2783677
76,spotify:track:2TktkzfozZifbQhXjT6I33,Omar Apollo,Evergreen (You Didn’t Deserve Me At All),Warner Records,12,67,21,2733556
77,spotify:track:5XeFesFbtLpXzIVDNQP22n,Arctic Monkeys,I Wanna Be Yours,Domino Recording Co,62,62,21,2731021
78,spotify:track:6pcywuOeGGWeOQzdUyti6k,"21 Savage, Metro Boomin",Glock In My Lap,"Slaughter Gang, LLC/Epic/Boominati Worldwide/Republic",8,82,17,2729266
79,spotify:track:4tqcoej1zPvwePZCzuAjJd,J. Cole,Wet Dreamz,Roc Nation Records LLC,69,69,68,2710671
80,spotify:track:7MXVkk9YMctZqd1Srtv4MB,"The Weeknd, Daft Punk",Starboy,Universal Republic Records,3,71,105,2707625
81,spotify:track:02MWAaffLxlfxAUY7c5dvx,Glass Animals,Heat Waves,Polydor Records,1,66,114,2688172
82,spotify:track:3fNMgjG8yXaSam46swhz7w,"Trippie Redd, Juice WRLD",KNIGHT CRAWLER (feat. Juice WRLD),TenThousand Projects,22,22,2,2680717
83,spotify:track:4WuOWVnAqvEQxgSRrspBgt,"Metro Boomin, Travis Scott, 21 Savage",Niagara Falls (Foot or 2) [with Travis Scott & 21 Savage],Republic Records,7,55,9,2677234
84,spotify:track:1qEmFfgcLObUfQm0j1W2CK,Harry Styles,Late Night Talking,Columbia,2,79,37,2663708
85,spotify:track:5TXDeTFVRVY7Cvt0Dw4vWW,XXXTENTACION,Revenge,Bad Vibes Forever / EMPIRE,25,78,66,2615125
86,spotify:track:5UWwZ5lm5PKu6eKsHAGxOk,Foo Fighters,Everlong,RCA Records Label,60,68,26,2614429
87,spotify:track:3xKsf9qdS1CyvXSMEid6g8,Frank Ocean,Pink + White,Boys Don't Cry,81,81,25,2610259
88,spotify:track:6TBzRwnX2oYd8aOrOuyK1p,"Oscar Maydon, Junior H",Fin de Semana,Rancho Humilde,88,170,3,2609210
89,spotify:track:6NHpyYvJyQsg2nXXzGYc2R,Morgan Wallen,Thought You Should Know,Big Loud Records / Republic Records,18,110,39,2585135
90,spotify:track:3XgGQ1wjo5khvq2UImjyNF,Brent Faiyaz,ALL MINE,"Lost Kids LLC., Marketed by Venice / Stem",22,84,26,2555568
91,spotify:track:4vVjPTApwXZwB2H3mBq3ml,"Quavo, Takeoff",HOTEL LOBBY (Unc & Phew),Quality Control Music/Motown Records,61,70,30,2551685
92,spotify:track:1lRtH4FszTrwwlK5gTSbXO,"Natanael Cano, Peso Pluma, Gabito Ballesteros",AMG,WEA Latina,89,89,3,2518859
93,spotify:track:0rhI6gvOeCKA502RdJAbfs,TOMORROW X TOGETHER,Sugar Rush Ride,Republic Records - TXT,93,-1,1,2514311
94,spotify:track:3rWDp9tBPQR9z6U5YyRSK4,Taylor Swift,Midnight Rain,Taylor Swift,3,73,15,2505844
95,spotify:track:4ewazQLXFTDC8XvCbhvtXs,Joji,Glimpse of Us,88rising Music/Warner Records,1,80,34,2491576
96,spotify:track:3AVrVz5rK8Hrqo9YGiVGN5,Cigarettes After Sex,Apocalypse,Partisan Records,49,83,30,2471203
97,spotify:track:0hquQWY3xvYqN4qtiquniF,Doja Cat,Vegas (From the Original Motion Picture Soundtrack ELVIS),Kemosabe Records/RCA Records,7,97,39,2398610
98,spotify:track:1cKHdTo9u0ZymJdPGSh6nq,"The Weeknd, Gesaffelstein",I Was Never There,Universal Republic Records,8,91,33,2398609
99,spotify:track:7fBv7CLKzipRk6EC6TWHOB,The Weeknd,The Hills,Universal Republic Records,27,93,102,2388569
100,spotify:track:7KA4W4McWYRpgf0fWsJZWB,"Tyler, The Creator, Kali Uchis",See You Again (feat. Kali Uchis),Columbia,28,104,83,2379707
101,spotify:track:78QR3Wp35dqAhFEc2qAGjE,"Lil Baby, Gunna",Drip Too Hard (Lil Baby & Gunna),"Quality Control Music/Young Stoner Life Records, a 300 Entertainment Label/Motown Records/Capitol Records",1,113,219,2376561
102,spotify:track:6DdPacpAdYkxV8MCzsjaXu,Luke Combs,Growin' Up and Gettin' Old,River House Artists/Columbia Nashville,102,-1,1,2364269
103,spotify:track:5IgjP7X4th6nMNDh4akUHb,Chris Brown,Under The Influence,Chris Brown Entertainment/RCA Records,22,94,25,2355113
104,spotify:track:54ELExv56KCAB4UP9cOCzC,"Ñengo Flow, Bad Bunny",Gato de Noche,Rimas Entertainment LLC,38,88,6,2349273
105,spotify:track:4AFsRbaLKRWo3dDtjDFA2V,Childish Gambino,Me and Your Mama,Glassnote Entertainment Group LLC,49,96,42,2336551
106,spotify:track:3GYlZ7tbxLOxe6ewMNVTkw,Billie Eilish,TV,Darkroom/Interscope Records,18,85,20,2326078
107,spotify:track:3NanY0K4okhIQzL33U5Ad8,PinkPantheress,Boy's a liar,Warner Records,72,72,9,2318913
108,spotify:track:6BePGk3eCan4FqaW2X8Qy3,"Tiësto, Tate McRae",10:35,Atlantic Records,105,105,5,2316396
109,spotify:track:54ipXppHLA8U4yqpOFTUhr,Imagine Dragons,Bones,Kid Ina Korner / Interscope,52,95,27,2309155
110,spotify:track:6vN77lE9LK6HP2DewaN6HZ,"Lil Baby, Drake",Yes Indeed,"Quality Control Music, LLC",2,120,143,2300249
111,spotify:track:0B7wvvmu9EISAwZnOpjhNI,Bruno Mars,When I Was Your Man,Atlantic Records,111,111,10,2298967
112,spotify:track:2KLwPaRDOB87XOYAT2fgxh,"Drake, 21 Savage, Travis Scott",Pussy & Millions (feat. Travis Scott),OVO / Republic Records,3,101,13,2287033
113,spotify:track:6dBUzqjtbnIa1TwYbyw5CM,TV Girl,Lovers Rock,TV Girl,113,164,11,2279622
114,spotify:track:2mpoNBkngUEwnaKoBhZ0vl,"Peso Pluma, Natanael Cano",PRC,Prajin Parlay Inc dba Prajin Records / Rancho Humilde / Los CT,114,-1,1,2272378
115,spotify:track:4VXIryQMWpIdGgYR4TrjT1,Juice WRLD,All Girls Are The Same,Juice WRLD Mixtape / ISR P&D,13,122,247,2271546
116,spotify:track:23Lyy7ZXRvzfgH4JtDkKrX,Grupo Frontera,No Se Va - En Vivo,Grupo Frontera,49,75,18,2268159
117,spotify:track:2L9N0zZnd37dwF0clgxMGI,Lizzy McAlpine,ceilings,Harbour Artists & Music,117,171,2,2266295
118,spotify:track:5Eax0qFko2dh7Rl2lYs3bx,Bad Bunny,Efecto,Rimas Entertainment LLC,10,109,39,2263357
119,spotify:track:67AdiJcurlf6gocGobfaXs,Luke Combs,"Going, Going, Gone",River House Artists/Columbia Nashville,119,184,3,2260904
120,spotify:track:6HMtHNpW6YPi1hrw9tgF8P,Lizzo,About Damn Time,Nice Life/Atlantic,6,115,39,2244923
121,spotify:track:577YBGuskWkVDCxZrLRB4v,Lil Baby,Pure Cocaine,Quality Control Music/Motown Records/Capitol Records,52,107,41,2208238
122,spotify:track:2D3JfPyY2LkzXgNOb7qziR,"HARDY, Morgan Wallen",red (feat. Morgan Wallen),Big Loud Records / Big Loud Rock,100,100,2,2203662
123,spotify:track:3pXF1nA74528Edde4of9CC,Bryson Tiller,Don't,TrapSoul/RCA Records,82,127,76,2200797
124,spotify:track:6Ox1rvlwEpB49drasQm6RF,Lil Peep,Star Shopping,Lil Peep,100,108,65,2187820
125,spotify:track:3sNVsP50132BTNlImLx70i,Kanye West,Bound 2,Rock The World/IDJ/Kanye/LP6,20,116,58,2181025
126,spotify:track:6foY66mWZN0pSRjZ408c00,Morgan Wallen,Whiskey Glasses,Big Loud Records,43,145,193,2172388
127,spotify:track:5TRPicyLGbAF2LGBFbHGvO,"Kanye West, Dwele",Flashing Lights,Roc-A-Fella,53,136,55,2168710
128,spotify:track:7KokYm8cMIXCsGVmUvKtqf,Taylor Swift,Karma,Taylor Swift,5,124,15,2160536
129,spotify:track:6q4yusLwjDYEcF6jXHdt7J,Daniel Caesar,Do You Like Me?,Republic Records,129,-1,1,2148541
130,spotify:track:2Dct3GykKZ58hpWRFfe2Qd,Zach Bryan,Heading South,Warner Records,70,126,12,2147811
131,spotify:track:4h5x3XHLVYFJaItKuO2rhy,"SZA, Phoebe Bridgers",Ghost in the Machine (feat. Phoebe Bridgers),Top Dawg Entertainment/RCA Records,17,87,8,2144758
132,spotify:track:7jtQIBanIiJOMS6RyCx6jZ,Tom Odell,Another Love,ITNO/Columbia,89,114,20,2143552
133,spotify:track:2ZL7WZcjuYKi1KUDtp4kCC,"Drake, 21 Savage",Spin Bout U,OVO / Republic Records,6,144,13,2134490
134,spotify:track:2BcMwX1MPV6ZHP4tUT9uq6,"Drake, 21 Savage, Project Pat",Knife Talk (with 21 Savage ft. Project Pat),OVO,2,128,72,2134476
135,spotify:track:561jH07mF1jHuk7KlaeF0s,Eminem,Mockingbird,Aftermath,109,131,12,2124087
136,spotify:track:0uxSUdBrJy9Un0EYoBowng,Lil Uzi Vert,20 Min,Generation Now/Atlantic,48,151,153,2120202
137,spotify:track:4RvWPyQ5RL0ao9LPZeSouE,Tears For Fears,Everybody Wants To Rule The World,UMC (Universal Music Catalogue),49,130,32,2113923
138,spotify:track:3qoftcUZaUOncvIYjFSPdE,Taylor Swift,Bejeweled,Taylor Swift,8,134,15,2113139
139,spotify:track:1eIXYZWEfJO3Na2LCCnIJE,SZA,Love Language,Top Dawg Entertainment/RCA Records,11,98,8,2109231
140,spotify:track:003vvx7Niy0yvhvHt4a68B,The Killers,Mr. Brightside,Island Records,60,160,127,2100013
141,spotify:track:4D7BCuvgdJlYvlX5WlN54t,Taylor Swift,"You're On Your Own, Kid",Taylor Swift,6,138,15,2091736
142,spotify:track:4SqWKzw0CbA05TGszDgMlc,The Walters,I Love You So,Warner Records,9,146,66,2088464
143,spotify:track:7DbdUf8aHSYoliSjO6LZv6,Beach Weather,"Sex, Drugs, Etc.",8123 / Arista Records,61,141,20,2081508
144,spotify:track:0RiRZpuVRbi7oqRdSMwhQY,"Post Malone, Swae Lee",Sunflower - Spider-Man: Into the Spider-Verse,Republic Records,1,159,220,2076657
145,spotify:track:0VjIjW4GlUZAMYd2vXMi3b,The Weeknd,Blinding Lights,Republic Records,1,143,162,2075948
146,spotify:track:5fEB6ZmVkg63GZg9qO86jh,PARTYNEXTDOOR,Break from Toronto,OVO Sound,110,119,4,2073319
147,spotify:track:6VhuP99TE6gYNQRJIlAWFD,Stephen Sanchez,Until I Found You,Republic Records,30,140,38,2071802
148,spotify:track:7sO5G9EABYOXQKNPNiE9NR,"Offset, Metro Boomin",Ric Flair Drip (with Metro Boomin),"Slaughter Gang, LLC/Epic/Quality Control Music/Motown/Capitol/Boominati Worldwide/Republic",4,156,164,2069851
149,spotify:track:1SjsVdSXpwm1kTdYEHoPIT,Zach Bryan,Sun to Me,Warner Records,106,190,4,2065625
150,spotify:track:2J6OF7CkpdQGSfm1wdclqn,Brent Faiyaz,Clouded,Lost Kids,65,135,18,2064674
151,spotify:track:37F7E7BKEw2E4O2L7u0IEp,Freddie Dredd,Limbo,Doomshop Records/RCA Records,94,117,12,2063846
152,spotify:track:3GCdLUSnKSMJhs4Tj6CV3s,"Kendrick Lamar, SZA",All The Stars (with SZA),Black Panther (TDE/DMG) PS,2,161,62,2057851
153,spotify:track:5oeOWXjH8NZFOWP0SpSXqV,Mac DeMarco,Chamber Of Reflection,Captured Tracks,125,125,5,2050816
154,spotify:track:0mflMxspEfB0VbI1kyLiAv,Noah Kahan,Stick Season,Mercury Records/Republic Records,43,137,30,2043563
155,spotify:track:6PGoSes0D9eUDeeAafB2As,"Kendrick Lamar, Zacari",LOVE. FEAT. ZACARI.,Aftermath,5,166,120,2042966
156,spotify:track:58k32my5lKofeZRtIvBDg9,Baby Keem,HONEST,Baby Keem LLC,39,133,26,2040726
157,spotify:track:04HeNxRRVjcwctfp2K2kMu,Lil Yachty,the ride-,Quality Control Music/Motown Records,157,-1,1,2037447
158,spotify:track:4lH6nENd1y81jp7Yt9lTBX,Future,Solo,Epic/Freebandz/A1,123,129,13,2033980
159,spotify:track:0wXuerDYiBnERgIpbb3JBR,Childish Gambino,Redbone,Glassnote Entertainment Group LLC,9,152,154,2029643
160,spotify:track:1R0a2iXumgCiFb7HEZ7gUE,Taylor Swift,Don’t Blame Me,"Big Machine Records, LLC",80,169,31,2028954
161,spotify:track:3eX0NZfLtGzoLUxPNvRfqm,Taylor Swift,Maroon,Taylor Swift,3,153,15,2028800
162,spotify:track:65OVbaJR5O1RmwOQx0875b,"Drake, Lil Baby",Wants and Needs (feat. Lil Baby),OVO,2,157,97,2026414
163,spotify:track:6clDsO8HwhHEgJDDp88VdL,"Cordae, Anderson .Paak",Two Tens (feat. Anderson .Paak),Art@War/Atlantic Records,163,-1,1,2022578
164,spotify:track:200x8ONbPfFzByUr3fVz46,Cole Swindell,She Had Me At Heads Carolina,Warner Music Nashville,35,196,29,2018873
165,spotify:track:1qMMYpVatbRITKCfq1gasi,Future,PUFFIN ON ZOOTIEZ,Epic/Freebandz,4,158,37,2016156
166,spotify:track:09mEdoA6zrmBPgTEN5qXmN,The Weeknd,Call Out My Name,Universal Republic Records,1,139,71,2015847
167,spotify:track:2yjlYDiNiQkdxVqTlaSrlX,Nicki Minaj,Super Freaky Girl,Republic Records,2,112,25,2010494
168,spotify:track:26hOm7dTtBi0TdpDGl141t,Joji,Die For You,88rising Music/Warner Records,23,149,13,1993533
169,spotify:track:6eT2V7nKXyMf47TwPbtgAD,SZA,Seek & Destroy,Top Dawg Entertainment/RCA Records,10,106,8,1990528
170,spotify:track:5uQOauh47VFt3B2kV9kRXw,A Boogie Wit da Hoodie,My Shit,Highbridge The Label,82,-1,17,1979858
171,spotify:track:2SiAcexM2p1yX6joESbehd,ROSALÍA,LLYLM,Columbia,171,-1,1,1976449
172,spotify:track:4FAKtPVycI4DxoOHC01YqD,"Yandel, Feid",Yandel 150,La Leyenda LLC,172,-1,1,1974368
173,spotify:track:2qOm7ukLyHUXWyR4ZWLwxA,Ice Cube,It Was A Good Day,Priority Records,100,189,36,1970202
174,spotify:track:285pBltuF7vW8TeWk8hdRR,Juice WRLD,Lucid Dreams,Juice WRLD Mixtape / ISR P&D,1,167,244,1969764
175,spotify:track:1eUGmzzvahJjOSWgDHuRlv,Miguel,Girl With The Tattoo Enter.lewd,Jive,101,178,4,1967263
176,spotify:track:5MwynWK9s4hlyKHqhkNn4A,Morgan Wallen,Chasin' You,Big Loud Records,55,191,101,1966191
177,spotify:track:01Lr5YepbgjXAWR9iOEyH1,Chief Keef,Love Sosa,UMGRI Interscope,44,177,52,1965267
178,spotify:track:0f0SbtoKGe41cX5LzlnX6X,TOMORROW X TOGETHER,Tinnitus (Wanna be a rock),Republic Records - TXT,178,-1,1,1949532
179,spotify:track:3fqwjXwUGN6vbzIwvyFMhx,Chris Stapleton,Tennessee Whiskey,Mercury Nashville,98,188,92,1943686
180,spotify:track:6vDyzD9o8aYhR1963oJpkO,Lil Yachty,pRETTy,Quality Control Music/Motown Records,180,-1,1,1942288
181,spotify:track:7FAFkQQZFeNwOFzTrSDFIh,Mac Miller,The Spins,Rostrum Records,61,-1,91,1939233
182,spotify:track:5FkoSXiJPKTNyYgALRJFhD,Baby Keem,ORANGE SODA,Baby Keem LLC,54,179,39,1936061
183,spotify:track:0yUaLqhsVsguBpoOPL4cO7,Ice Spice,In Ha Mood,10K Projects/Capitol Records,183,183,2,1935595
184,spotify:track:7zy7iE31dGO70ShMXghsfj,Lil Yachty,running out of time,Quality Control Music/Motown Records,184,-1,1,1934991
185,spotify:track:4Li2WHPkuyCdtmokzW2007,"JAY-Z, Kanye West",Ni**as In Paris,Roc Nation / Jay-Z,107,-1,53,1933889
186,spotify:track:34tz0eDhGuFErIuW3q4mPX,"Drake, 21 Savage",On BS,OVO / Republic Records,5,172,13,1926862
187,spotify:track:3IznIgmXtrUaoPWpQTy5jB,TV Girl,Not Allowed,TV Girl,150,-1,14,1921322
188,spotify:track:6koKhrBBcExADvWuOgceNZ,"SZA, Travis Scott",Open Arms (feat. Travis Scott),Top Dawg Entertainment/RCA Records,30,142,8,1918130
189,spotify:track:11BKm0j4eYoCPPpCONAVwA,Lady Gaga,Bloody Mary,Interscope,72,92,9,1915612
190,spotify:track:2t8yVaLvJ0RenpXUIAC52d,21 Savage,a lot,"Slaughter Gang, LLC/Epic Records",7,193,61,1912291
191,spotify:track:2R4AlwtrrkMaRKojcTIzmL,Mac DeMarco,For the First Time,Captured Tracks,154,154,4,1911741
192,spotify:track:7KXjTSCq5nL1LoYtL7XAwS,Kendrick Lamar,HUMBLE.,Aftermath,1,198,163,1909943
193,spotify:track:5jfhLCSIFUO4ndzNRh4w4G,Zach Bryan,"Burn, Burn, Burn",Warner Records,68,192,3,1906922
194,spotify:track:2JvzF1RMd7lE3KmFlsyZD8,J. Cole,MIDDLE CHILD,"Dreamville, Inc., Under exclusive license to Roc Nation Records",1,162,167,1900366
195,spotify:track:4KW1lqgSr8TKrvBII0Brf8,Kanye West,Father Stretch My Hands Pt. 1,Rock The World/IDJ/Kanye LP7,97,-1,51,1896162
196,spotify:track:38DlSDrx9tgc5Gfq6y3aBa,TWICE,MOONLIGHT SUNRISE,WM Japan,74,74,2,1895415
197,spotify:track:3fl4zil6HJ0N1FL3YIRwdC,Megan Moroney,Tennessee Orange,Arista Nashville/Columbia Records,107,195,9,1889883
198,spotify:track:1aXV8GrmQLvgoFtBPERP7E,Eyedress,Jealous,Lex Records,164,-1,11,1888242
199,spotify:track:73vIOb4Q7YN6HeJTbscRx5,"Oliver Tree, Robin Schulz",Miss You,Atlantic Records,48,132,16,1881886
200,spotify:track:6luBKkFUt5wTwz7hpLhp12,Lil Yachty,drive ME crazy!,Quality Control Music/Motown Records,200,-1,1,1867213
1,spotify:track:1Qrg8KqiBpW07V7PNxwwwL,SZA,Kill Bill,Top Dawg Entertainment/RCA Records,1,2,9,15560813
2,spotify:track:0yLdNVWF3Srea0uzk55zFn,Miley Cyrus,Flowers,Columbia,1,1,4,13934413
3,spotify:track:59uQI0PADDKeE6UZDTJEe8,Morgan Wallen,Last Night,Big Loud Records / Mercury Records / Republic Records,3,23,2,11560741
4,spotify:track:2dHHgzDwk4BJdRwy9uXhTO,"Metro Boomin, The Weeknd, 21 Savage",Creepin' (with The Weeknd & 21 Savage),Republic Records,1,3,10,7890910
5,spotify:track:4FyesJzVpA39hbYvcseO2d,Lil Uzi Vert,Just Wanna Rock,Generation Now/Atlantic,5,6,17,7344283
6,spotify:track:1bDbXMyjaUIooNwFE9wn0N,"Drake, 21 Savage",Rich Flex,OVO / Republic Records,1,5,14,7263654
7,spotify:track:0vjeOZ3Ft5jvAi9SBFJm1j,"Metro Boomin, Future, Chris Brown",Superhero (Heroes & Villains) [with Future & Chris Brown],Republic Records,2,4,10,7162192
8,spotify:track:0NZPBYD5qbEWRs3PrGiRkT,"Sam Smith, Kim Petras",Unholy (feat. Kim Petras),Capitol Records UK / EMI,1,15,20,7069179
9,spotify:track:6AQbmUe0Qwf5PZnt4HmTXv,"PinkPantheress, Ice Spice",Boy's a liar Pt. 2,Warner Records,9,-1,1,6952358
10,spotify:track:2LBqCSwhJGcFQeTHMVGwy3,The Weeknd,Die For You,Universal Republic Records,8,8,100,6601503
11,spotify:track:4Dvkj6JhhA12EX05fT7y2e,Harry Styles,As It Was,Columbia,1,18,45,6108293
12,spotify:track:4k6Uh1HXdhtusDW5y8Gbvy,Steve Lacy,Bad Habit,L-M Records/RCA Records,1,12,32,6079352
13,spotify:track:0JXXNGljqupsJaZsgSbMZV,Miguel,Sure Thing,Jive,10,10,18,5997017
14,spotify:track:0V3wPSX9ygBnCm8psDIegu,Taylor Swift,Anti-Hero,Taylor Swift,1,9,16,5935252
15,spotify:track:5odlY52u43F5BjByhxg7wg,JVKE,golden hour,JVKE,8,11,25,5905326
16,spotify:track:4sx6NRwL6Ol3V6m9exwGlQ,The Kid LAROI,Love Again,Columbia,13,13,2,5505632
17,spotify:track:3WMj8moIAXJhHsyLaqIIHI,Zach Bryan,Something in the Orange,Warner Records,4,16,42,5389670
18,spotify:track:1xK59OXxi2TAAAbmZK0kBL,d4vd,Romantic Homicide,Darkroom/Interscope Records,3,14,27,5290318
19,spotify:track:4nrPB8O7Y7wsOCJdgXkthe,"Bizarrap, Shakira","Shakira: Bzrp Music Sessions, Vol. 53",DALE PLAY Records,5,7,4,5272372
20,spotify:track:2GAhgAjOhEmItWLfgisyOn,SZA,Low,Top Dawg Entertainment/RCA Records,4,19,9,5104881
21,spotify:track:4iZ4pt7kvcaH6Yo8UoZ4s2,SZA,Snooze,Top Dawg Entertainment/RCA Records,17,21,9,5007270
22,spotify:track:78Sw5GDo6AlGwTwanjXbGh,d4vd,Here With Me,Darkroom/Interscope Records,20,20,16,4823859
23,spotify:track:68Dni7IE4VyPkTOH9mRWHr,J. Cole,No Role Modelz,Roc Nation Records LLC,10,22,261,4752395
24,spotify:track:42TtHTxWk782ZBiqyOi2d1,"Zach Bryan, Maggie Rogers",Dawns (feat. Maggie Rogers),Warner Records,17,17,2,4671620
25,spotify:track:5mHdCZtVyb4DcJw8799hZp,"RAYE, 070 Shake",Escapism.,Human Re Sources,20,24,10,4555116
26,spotify:track:0IKeDy5bT9G0bA7ZixRT4A,"Fuerza Regida, Grupo Frontera",Bebe Dame,Rancho Humilde/Street Mob Records,18,25,7,4439170
27,spotify:track:76FeKAU0A4dpFGrVSg2TX2,Morgan Wallen,I Wrote The Book,Big Loud Records / Mercury Records / Republic Records,27,53,2,4400886
28,spotify:track:3azJifCSqg9fRij2yKIbWz,Tory Lanez,The Color Violet,One Umbrella Records,26,26,23,4216914
29,spotify:track:5jQI2r1RdgtuT8S3iG8zFC,Taylor Swift,Lavender Haze,Taylor Swift,2,27,16,4172290
30,spotify:track:65FftemJ1DbbZ45DUfHJXE,NewJeans,OMG,ADOR,30,31,5,4169548
31,spotify:track:3F5CgOj3wFlRv51JsHbxhe,"Drake, 21 Savage",Jimmy Cooks (feat. 21 Savage),OVO,2,32,34,4142545
32,spotify:track:4686eQ81DEswHa90bcdlC9,Bailey Zimmerman,Rock and A Hard Place,Warner Music Nashville/Elektra,26,30,35,4102708
33,spotify:track:3hxIUxnT27p5WcmjGUXNwx,Hotel Ugly,Shut up My Moms Calling,"Hotel Ugly, under exclusive license to Amuseio AB",29,35,23,4083363
34,spotify:track:5uU1uuyaUIBOiiUSQG7Wl3,Morgan Wallen,You Proof,Big Loud / Mercury Records / Republic Records,11,38,39,4038083
35,spotify:track:62L9AbfPmUm8gV578rxC51,Morgan Wallen,Everything I Love,Big Loud Records / Mercury Records / Republic Records,35,60,2,4008458
36,spotify:track:4uUG5RXrOk84mYEfFvj3cK,"David Guetta, Bebe Rexha",I'm Good (Blue),Parlophone UK,8,28,24,3946239
37,spotify:track:2wSTnntOPRi7aQneobFtU4,SZA,Shirt,Top Dawg Entertainment/RCA Records,8,34,15,3904395
38,spotify:track:5Y35SjAfXjjG0sFQ3KOxmm,SZA,Nobody Gets Me,Top Dawg Entertainment/RCA Records,3,29,9,3886403
39,spotify:track:1IHWl5LamUGEuP4ozKQSXZ,Bad Bunny,Tití Me Preguntó,Rimas Entertainment LLC,3,41,40,3856371
40,spotify:track:2QjOHCTQ1Jl3zawyYOpxh6,The Neighbourhood,Sweater Weather,Columbia,13,33,129,3843961
41,spotify:track:1xzi1Jcr7mEi9K2RfzLOqS,Beyoncé,CUFF IT,Parkwood Entertainment/Columbia,10,55,28,3783918
42,spotify:track:3cBsEDNhFI9E82vPj3kvi3,Morgan Wallen,Wasted On You,Big Loud / Republic,3,46,107,3770839
43,spotify:track:6UN73IYd0hZxLi8wFPMQij,Coi Leray,Players,Uptown / Republic Records,43,70,4,3744749
44,spotify:track:4h9wh7iOZ0GGn8QVp4RAOB,OneRepublic,I Ain't Worried,Interscope Records,7,40,36,3614429
45,spotify:track:3r8RuvgbX9s7ammBn07D3W,NewJeans,Ditto,ADOR,34,36,7,3604130
46,spotify:track:7EAMXbLcL0qXmciM5SwMh2,Mac DeMarco,Heart To Heart,Mac’s Record Label,30,44,8,3582723
47,spotify:track:6Sq7ltF9Qa7SNFBsV5Cogx,"Bad Bunny, Chencho Corleone",Me Porto Bonito,Rimas Entertainment LLC,2,56,40,3550731
48,spotify:track:3NanY0K4okhIQzL33U5Ad8,PinkPantheress,Boy's a liar,Warner Records,48,107,10,3476787
49,spotify:track:59nOXPmaKlBfGMDeOVGrIK,"Future, Drake, Tems",WAIT FOR U (feat. Drake & Tems),Epic/Freebandz,3,49,41,3341454
50,spotify:track:48UKTR66uUOT9LaUvooTNx,Luke Combs,The Kind of Love We Make,River House Artists/Columbia Nashville,15,57,34,3324053
51,spotify:track:6Um358vY92UBv5DloTRX9L,"Carin Leon, Grupo Frontera",Que Vuelvas,BorderKid Records/Sony Music Latin,28,52,6,3280023
52,spotify:track:6dgUya35uo964z7GZXM07g,Sabrina Carpenter,Nonsense,Island Records,15,45,5,3269693
53,spotify:track:1N8TTK1Uoy7UvQNUazfUt5,ThxSoMch,SPIT IN MY FACE!,Elektra (NEK),33,48,13,3216392
54,spotify:track:3Zyk5Vd9WNPNVWxvb0EZTk,"KAROL G, Romeo Santos",X SI VOLVEMOS,UMLE - Latino,54,-1,1,3210665
55,spotify:track:5BbdKBZO0TH0GhfxUfyhL9,Lil Baby,Freestyle,Quality Control Music (Caroline),55,58,34,3203983
56,spotify:track:5gDWsRxpJ2lZAffh5p7K0w,"The Weeknd, Lana Del Rey",Stargirl Interlude,Universal Republic Records,56,65,32,3184507
57,spotify:track:3cJjqvXbFwiWgnuWgoyhPM,Steve Lacy,Dark Red,Three Quarter,16,42,79,3179852
58,spotify:track:3QFInJAm9eyaho5vBzxInN,"Baby Keem, Kendrick Lamar",family ties (with Kendrick Lamar),Columbia,8,63,76,3162599
59,spotify:track:2mnXxnrX5vCGolNkaFvVeM,"Arcángel, Bad Bunny",La Jumpa,Rimas Entertainment LLC.,43,61,10,3161278
60,spotify:track:0O6u0VJ46W86TxN9wgyqDj,"Post Malone, Doja Cat",I Like You (A Happier Song) (with Doja Cat),Mercury Records/Republic Records,3,67,36,3157068
61,spotify:track:58ge6dfP91o9oXMzq3XkIS,Arctic Monkeys,505,Domino Recording Co,18,50,108,3150977
62,spotify:track:1qEmFfgcLObUfQm0j1W2CK,Harry Styles,Late Night Talking,Columbia,2,84,38,3132054
63,spotify:track:0WtM2NBVQNNJLh6scP13H8,"Rema, Selena Gomez",Calm Down (with Selena Gomez),Mavin Records / Jonzing World,47,47,21,3126132
64,spotify:track:6NHpyYvJyQsg2nXXzGYc2R,Morgan Wallen,Thought You Should Know,Big Loud Records / Republic Records,18,89,40,3097815
65,spotify:track:1lRtH4FszTrwwlK5gTSbXO,"Natanael Cano, Peso Pluma, Gabito Ballesteros",AMG,WEA Latina,65,92,4,3079038
66,spotify:track:2mpoNBkngUEwnaKoBhZ0vl,"Peso Pluma, Natanael Cano",PRC,Prajin Parlay Inc dba Prajin Records / Rancho Humilde / Los CT,66,114,2,3059809
67,spotify:track:5ww2BF9slyYgNOk37BlC4u,Manuel Turizo,La Bachata,Sony Music Latin/La Industria,48,71,25,3040717
68,spotify:track:2HbKqm4o0w5wEeEFXm2sD4,"Kendrick Lamar, Jay Rock",Money Trees,Aftermath,52,72,112,3039992
69,spotify:track:7H0ya83CMmgFcOhw0UB6ow,Beach House,Space Song,Bella Union,47,64,82,3008392
70,spotify:track:2CSRrnOEELmhpq8iaAi9cd,SZA,Blind,Top Dawg Entertainment/RCA Records,5,51,9,2986497
71,spotify:track:6KGtAlYvgm4W9PoYabFAYE,Morgan Wallen,One Thing At A Time,Big Loud Records / Mercury Records / Republic Records,31,74,10,2979918
72,spotify:track:1Y3LN4zO1Edc2EluIoSPJN,"Stephen Sanchez, Em Beihold",Until I Found You (with Em Beihold) - Em Beihold Version,Republic Records,18,54,9,2935418
73,spotify:track:6pcywuOeGGWeOQzdUyti6k,"21 Savage, Metro Boomin",Glock In My Lap,"Slaughter Gang, LLC/Epic/Boominati Worldwide/Republic",8,78,18,2931682
74,spotify:track:6IyoLWzljeR3ldQo4KWHT6,Yeat,Out thë way,Field Trip Recordings/Geffen Records,47,62,10,2920363
75,spotify:track:4PMqSO5qyjpvzhlLI5GnID,SZA,Good Days,Top Dawg Entertainment/RCA Records,1,73,94,2881071
76,spotify:track:3xKsf9qdS1CyvXSMEid6g8,Frank Ocean,Pink + White,Boys Don't Cry,76,87,26,2873208
77,spotify:track:4tqcoej1zPvwePZCzuAjJd,J. Cole,Wet Dreamz,Roc Nation Records LLC,69,79,69,2870820
78,spotify:track:4EWCNWgDS8707fNSZ1oaA5,Kanye West,Heartless,Roc-A-Fella,40,75,71,2845407
79,spotify:track:5XeFesFbtLpXzIVDNQP22n,Arctic Monkeys,I Wanna Be Yours,Domino Recording Co,62,77,22,2762059
80,spotify:track:2Hh3ETdQKrmSI3QS0hme7g,"Metro Boomin, Future, Don Toliver",Too Many Nights (feat. Don Toliver & with Future),Republic Records,10,66,10,2759224
81,spotify:track:02MWAaffLxlfxAUY7c5dvx,Glass Animals,Heat Waves,Polydor Records,1,81,115,2756904
82,spotify:track:5UWwZ5lm5PKu6eKsHAGxOk,Foo Fighters,Everlong,RCA Records Label,60,86,27,2755722
83,spotify:track:7MXVkk9YMctZqd1Srtv4MB,"The Weeknd, Daft Punk",Starboy,Universal Republic Records,3,80,106,2748367
84,spotify:track:0QHEIqNKsMoOY5urbzN48u,Meghan Trainor,Made You Look,Epic,27,59,16,2745135
85,spotify:track:6TBzRwnX2oYd8aOrOuyK1p,"Oscar Maydon, Junior H",Fin de Semana,Rancho Humilde,85,88,4,2740753
86,spotify:track:6DdPacpAdYkxV8MCzsjaXu,Luke Combs,Growin' Up and Gettin' Old,River House Artists/Columbia Nashville,86,102,2,2737305
87,spotify:track:3RKjTYlQrtLXCq5ncswBPp,Baby Tate,"Hey, Mickey!",Yung Baby Tate,39,39,3,2712074
88,spotify:track:5TXDeTFVRVY7Cvt0Dw4vWW,XXXTENTACION,Revenge,Bad Vibes Forever / EMPIRE,25,85,67,2704832
89,spotify:track:6HMtHNpW6YPi1hrw9tgF8P,Lizzo,About Damn Time,Nice Life/Atlantic,6,120,40,2698883
90,spotify:track:5Eax0qFko2dh7Rl2lYs3bx,Bad Bunny,Efecto,Rimas Entertainment LLC,10,118,40,2696181
91,spotify:track:6BQrmjAgPfPTwILoFEK3Hd,Kali Uchis,I Wish you Roses,Geffen Records,37,37,3,2640121
92,spotify:track:4vVjPTApwXZwB2H3mBq3ml,"Quavo, Takeoff",HOTEL LOBBY (Unc & Phew),Quality Control Music/Motown Records,61,91,31,2635587
93,spotify:track:567e29TDzLwZwfDuEpGTwo,"The Kid LAROI, Justin Bieber",STAY (with Justin Bieber),Columbia,1,68,83,2623821
94,spotify:track:3XgGQ1wjo5khvq2UImjyNF,Brent Faiyaz,ALL MINE,"Lost Kids LLC., Marketed by Venice / Stem",22,90,27,2612179
95,spotify:track:2L9N0zZnd37dwF0clgxMGI,Lizzy McAlpine,ceilings,Harbour Artists & Music,95,117,3,2590702
96,spotify:track:4WuOWVnAqvEQxgSRrspBgt,"Metro Boomin, Travis Scott, 21 Savage",Niagara Falls (Foot or 2) [with Travis Scott & 21 Savage],Republic Records,7,83,10,2577695
97,spotify:track:0yUaLqhsVsguBpoOPL4cO7,Ice Spice,In Ha Mood,10K Projects/Capitol Records,97,183,3,2551974
98,spotify:track:4ewazQLXFTDC8XvCbhvtXs,Joji,Glimpse of Us,88rising Music/Warner Records,1,95,35,2538725
99,spotify:track:54ELExv56KCAB4UP9cOCzC,"Ñengo Flow, Bad Bunny",Gato de Noche,Rimas Entertainment LLC,38,104,7,2500167
100,spotify:track:3AVrVz5rK8Hrqo9YGiVGN5,Cigarettes After Sex,Apocalypse,Partisan Records,49,96,31,2489792
101,spotify:track:6dBUzqjtbnIa1TwYbyw5CM,TV Girl,Lovers Rock,TV Girl,101,113,12,2471937
102,spotify:track:7KA4W4McWYRpgf0fWsJZWB,"Tyler, The Creator, Kali Uchis",See You Again (feat. Kali Uchis),Columbia,28,100,84,2427922
103,spotify:track:4h5x3XHLVYFJaItKuO2rhy,"SZA, Phoebe Bridgers",Ghost in the Machine (feat. Phoebe Bridgers),Top Dawg Entertainment/RCA Records,17,131,9,2425318
104,spotify:track:1cKHdTo9u0ZymJdPGSh6nq,"The Weeknd, Gesaffelstein",I Was Never There,Universal Republic Records,8,98,34,2403673
105,spotify:track:78QR3Wp35dqAhFEc2qAGjE,"Lil Baby, Gunna",Drip Too Hard (Lil Baby & Gunna),"Quality Control Music/Young Stoner Life Records, a 300 Entertainment Label/Motown Records/Capitol Records",1,101,220,2399487
106,spotify:track:7fBv7CLKzipRk6EC6TWHOB,The Weeknd,The Hills,Universal Republic Records,27,99,103,2395300
107,spotify:track:0hquQWY3xvYqN4qtiquniF,Doja Cat,Vegas (From the Original Motion Picture Soundtrack ELVIS),Kemosabe Records/RCA Records,7,97,40,2389185
108,spotify:track:6foY66mWZN0pSRjZ408c00,Morgan Wallen,Whiskey Glasses,Big Loud Records,43,126,194,2386800
109,spotify:track:3rWDp9tBPQR9z6U5YyRSK4,Taylor Swift,Midnight Rain,Taylor Swift,3,94,16,2379155
110,spotify:track:5IgjP7X4th6nMNDh4akUHb,Chris Brown,Under The Influence,Chris Brown Entertainment/RCA Records,22,103,26,2375831
111,spotify:track:23Lyy7ZXRvzfgH4JtDkKrX,Grupo Frontera,No Se Va - En Vivo,Grupo Frontera,49,116,19,2375529
112,spotify:track:0B7wvvmu9EISAwZnOpjhNI,Bruno Mars,When I Was Your Man,Atlantic Records,111,111,11,2374667
113,spotify:track:3fNMgjG8yXaSam46swhz7w,"Trippie Redd, Juice WRLD",KNIGHT CRAWLER (feat. Juice WRLD),TenThousand Projects,22,82,3,2355505
114,spotify:track:577YBGuskWkVDCxZrLRB4v,Lil Baby,Pure Cocaine,Quality Control Music/Motown Records/Capitol Records,52,121,42,2348366
115,spotify:track:4VXIryQMWpIdGgYR4TrjT1,Juice WRLD,All Girls Are The Same,Juice WRLD Mixtape / ISR P&D,13,115,248,2347451
116,spotify:track:5fEB6ZmVkg63GZg9qO86jh,PARTYNEXTDOOR,Break from Toronto,OVO Sound,110,146,5,2336026
117,spotify:track:6vN77lE9LK6HP2DewaN6HZ,"Lil Baby, Drake",Yes Indeed,"Quality Control Music, LLC",2,110,144,2329756
118,spotify:track:4AFsRbaLKRWo3dDtjDFA2V,Childish Gambino,Me and Your Mama,Glassnote Entertainment Group LLC,49,105,43,2325902
119,spotify:track:3pXF1nA74528Edde4of9CC,Bryson Tiller,Don't,TrapSoul/RCA Records,82,123,77,2325071
120,spotify:track:4FAKtPVycI4DxoOHC01YqD,"Yandel, Feid",Yandel 150,La Leyenda LLC,120,172,2,2323818
121,spotify:track:6BePGk3eCan4FqaW2X8Qy3,"Tiësto, Tate McRae",10:35,Atlantic Records,105,108,6,2319971
122,spotify:track:3sNVsP50132BTNlImLx70i,Kanye West,Bound 2,Rock The World/IDJ/Kanye/LP6,20,125,59,2317499
123,spotify:track:54ipXppHLA8U4yqpOFTUhr,Imagine Dragons,Bones,Kid Ina Korner / Interscope,52,109,28,2308828
124,spotify:track:2TktkzfozZifbQhXjT6I33,Omar Apollo,Evergreen (You Didn’t Deserve Me At All),Warner Records,12,76,22,2290832
125,spotify:track:6HBRLaSQ7NB8MNlaqzYen1,Jordan Davis,What My World Spins Around,MCA Nashville,125,-1,11,2290667
126,spotify:track:3GYlZ7tbxLOxe6ewMNVTkw,Billie Eilish,TV,Darkroom/Interscope Records,18,106,21,2280013
127,spotify:track:6Ox1rvlwEpB49drasQm6RF,Lil Peep,Star Shopping,Lil Peep,100,124,66,2278814
128,spotify:track:2J6OF7CkpdQGSfm1wdclqn,Brent Faiyaz,Clouded,Lost Kids,65,150,19,2265633
129,spotify:track:5TRPicyLGbAF2LGBFbHGvO,"Kanye West, Dwele",Flashing Lights,Roc-A-Fella,53,127,56,2262471
130,spotify:track:5MwynWK9s4hlyKHqhkNn4A,Morgan Wallen,Chasin' You,Big Loud Records,55,176,102,2258844
131,spotify:track:2KLwPaRDOB87XOYAT2fgxh,"Drake, 21 Savage, Travis Scott",Pussy & Millions (feat. Travis Scott),OVO / Republic Records,3,112,14,2253623
132,spotify:track:6PGoSes0D9eUDeeAafB2As,"Kendrick Lamar, Zacari",LOVE. FEAT. ZACARI.,Aftermath,5,155,121,2234678
133,spotify:track:2BcMwX1MPV6ZHP4tUT9uq6,"Drake, 21 Savage, Project Pat",Knife Talk (with 21 Savage ft. Project Pat),OVO,2,134,73,2231439
134,spotify:track:2ZL7WZcjuYKi1KUDtp4kCC,"Drake, 21 Savage",Spin Bout U,OVO / Republic Records,6,133,14,2207249
135,spotify:track:3i0FkJYlU4MFfYkjFHXXAM,"Sam Smith, Calvin Harris, Jessie Reyez",I'm Not Here To Make Friends,Capitol Records UK / EMI,43,43,2,2205507
136,spotify:track:67AdiJcurlf6gocGobfaXs,Luke Combs,"Going, Going, Gone",River House Artists/Columbia Nashville,119,119,4,2201733
137,spotify:track:6IZvVAP7VPPnsGX6bvgkqg,Kendrick Lamar,PRIDE.,Aftermath,10,-1,12,2199033
138,spotify:track:0RiRZpuVRbi7oqRdSMwhQY,"Post Malone, Swae Lee",Sunflower - Spider-Man: Into the Spider-Verse,Republic Records,1,144,221,2191997
139,spotify:track:2Dct3GykKZ58hpWRFfe2Qd,Zach Bryan,Heading South,Warner Records,70,130,13,2169578
140,spotify:track:1eUGmzzvahJjOSWgDHuRlv,Miguel,Girl With The Tattoo Enter.lewd,Jive,101,175,5,2161582
141,spotify:track:4lH6nENd1y81jp7Yt9lTBX,Future,Solo,Epic/Freebandz/A1,123,158,14,2154891
142,spotify:track:3fqwjXwUGN6vbzIwvyFMhx,Chris Stapleton,Tennessee Whiskey,Mercury Nashville,98,179,93,2150424
143,spotify:track:1SjsVdSXpwm1kTdYEHoPIT,Zach Bryan,Sun to Me,Warner Records,106,149,5,2145361
144,spotify:track:6VhuP99TE6gYNQRJIlAWFD,Stephen Sanchez,Until I Found You,Republic Records,30,147,39,2143860
145,spotify:track:0VjIjW4GlUZAMYd2vXMi3b,The Weeknd,Blinding Lights,Republic Records,1,145,163,2139944
146,spotify:track:65OVbaJR5O1RmwOQx0875b,"Drake, Lil Baby",Wants and Needs (feat. Lil Baby),OVO,2,162,98,2139461
147,spotify:track:0wXuerDYiBnERgIpbb3JBR,Childish Gambino,Redbone,Glassnote Entertainment Group LLC,9,159,155,2135591
148,spotify:track:7KokYm8cMIXCsGVmUvKtqf,Taylor Swift,Karma,Taylor Swift,5,128,16,2127074
149,spotify:track:4RvWPyQ5RL0ao9LPZeSouE,Tears For Fears,Everybody Wants To Rule The World,UMC (Universal Music Catalogue),49,137,33,2121266
150,spotify:track:7DbdUf8aHSYoliSjO6LZv6,Beach Weather,"Sex, Drugs, Etc.",8123 / Arista Records,61,143,21,2118582
151,spotify:track:1qMMYpVatbRITKCfq1gasi,Future,PUFFIN ON ZOOTIEZ,Epic/Freebandz,4,165,38,2118203
152,spotify:track:3GCdLUSnKSMJhs4Tj6CV3s,"Kendrick Lamar, SZA",All The Stars (with SZA),Black Panther (TDE/DMG) PS,2,152,63,2114285
153,spotify:track:7jtQIBanIiJOMS6RyCx6jZ,Tom Odell,Another Love,ITNO/Columbia,89,132,21,2113888
154,spotify:track:0uxSUdBrJy9Un0EYoBowng,Lil Uzi Vert,20 Min,Generation Now/Atlantic,48,136,154,2109750
155,spotify:track:003vvx7Niy0yvhvHt4a68B,The Killers,Mr. Brightside,Island Records,60,140,128,2106395
156,spotify:track:4SqWKzw0CbA05TGszDgMlc,The Walters,I Love You So,Warner Records,9,142,67,2095553
157,spotify:track:37F7E7BKEw2E4O2L7u0IEp,Freddie Dredd,Limbo,Doomshop Records/RCA Records,94,151,13,2095357
158,spotify:track:7KXjTSCq5nL1LoYtL7XAwS,Kendrick Lamar,HUMBLE.,Aftermath,1,192,164,2087181
159,spotify:track:7sO5G9EABYOXQKNPNiE9NR,"Offset, Metro Boomin",Ric Flair Drip (with Metro Boomin),"Slaughter Gang, LLC/Epic/Quality Control Music/Motown/Capitol/Boominati Worldwide/Republic",4,148,165,2081979
160,spotify:track:1eIXYZWEfJO3Na2LCCnIJE,SZA,Love Language,Top Dawg Entertainment/RCA Records,11,139,9,2079417
161,spotify:track:4CiVz4bw7X1zjCaJ5ZwxUS,Falling In Reverse,Watch The World Burn,Epitaph,161,-1,1,2078953
162,spotify:track:5oeOWXjH8NZFOWP0SpSXqV,Mac DeMarco,Chamber Of Reflection,Captured Tracks,125,153,6,2074132
163,spotify:track:285pBltuF7vW8TeWk8hdRR,Juice WRLD,Lucid Dreams,Juice WRLD Mixtape / ISR P&D,1,174,245,2064200
164,spotify:track:01Lr5YepbgjXAWR9iOEyH1,Chief Keef,Love Sosa,UMGRI Interscope,44,177,53,2059167
165,spotify:track:4Li2WHPkuyCdtmokzW2007,"JAY-Z, Kanye West",Ni**as In Paris,Roc Nation / Jay-Z,107,185,54,2053589
166,spotify:track:2JvzF1RMd7lE3KmFlsyZD8,J. Cole,MIDDLE CHILD,"Dreamville, Inc., Under exclusive license to Roc Nation Records",1,194,168,2052970
167,spotify:track:2qOm7ukLyHUXWyR4ZWLwxA,Ice Cube,It Was A Good Day,Priority Records,100,173,37,2049972
168,spotify:track:4D7BCuvgdJlYvlX5WlN54t,Taylor Swift,"You're On Your Own, Kid",Taylor Swift,6,141,16,2043185
169,spotify:track:3k3NWokhRRkEPhCzPmV8TW,"Bad Bunny, Bomba Estéreo",Ojitos Lindos,Rimas Entertainment LLC,11,-1,36,2035834
170,spotify:track:2R4AlwtrrkMaRKojcTIzmL,Mac DeMarco,For the First Time,Captured Tracks,154,191,5,2033829
171,spotify:track:0mflMxspEfB0VbI1kyLiAv,Noah Kahan,Stick Season,Mercury Records/Republic Records,43,154,31,2026237
172,spotify:track:58k32my5lKofeZRtIvBDg9,Baby Keem,HONEST,Baby Keem LLC,39,156,27,2026080
173,spotify:track:5UNMyX2AzF8X90wAYAxG6Q,Lainey Wilson,Heart Like A Truck,Broken Bow Records,148,-1,3,2024073
174,spotify:track:561jH07mF1jHuk7KlaeF0s,Eminem,Mockingbird,Aftermath,109,135,13,2007649
175,spotify:track:4KW1lqgSr8TKrvBII0Brf8,Kanye West,Father Stretch My Hands Pt. 1,Rock The World/IDJ/Kanye LP7,97,195,52,2002850
176,spotify:track:5FkoSXiJPKTNyYgALRJFhD,Baby Keem,ORANGE SODA,Baby Keem LLC,54,182,40,2000769
177,spotify:track:1R0a2iXumgCiFb7HEZ7gUE,Taylor Swift,Don’t Blame Me,"Big Machine Records, LLC",80,160,32,2000162
178,spotify:track:09mEdoA6zrmBPgTEN5qXmN,The Weeknd,Call Out My Name,Universal Republic Records,1,166,72,1985674
179,spotify:track:1brnLTvarI9D1hLP6z2Ar8,"Kane Brown, Katelyn Brown",Thank God,RCA Records Label Nashville,55,-1,6,1967975
180,spotify:track:2t8yVaLvJ0RenpXUIAC52d,21 Savage,a lot,"Slaughter Gang, LLC/Epic Records",7,190,62,1967520
181,spotify:track:1zsPaEkglFvxjAhrM8yhpr,"Ozuna, Feid",Hey Mor,Aura Music Corp.,181,-1,1,1956199
182,spotify:track:2D3JfPyY2LkzXgNOb7qziR,"HARDY, Morgan Wallen",red (feat. Morgan Wallen),Big Loud Records / Big Loud Rock,100,122,3,1956041
183,spotify:track:50a8bKqlwDEqeiEknrzkTO,21 Savage,ball w/o you,"Slaughter Gang, LLC/Epic Records",71,-1,20,1950561
184,spotify:track:6bnF93Rx87YqUBLSgjiMU8,The Weeknd,Heartless,Republic Records,1,-1,35,1945064
185,spotify:track:6koKhrBBcExADvWuOgceNZ,"SZA, Travis Scott",Open Arms (feat. Travis Scott),Top Dawg Entertainment/RCA Records,30,188,9,1944674
186,spotify:track:3qoftcUZaUOncvIYjFSPdE,Taylor Swift,Bejeweled,Taylor Swift,8,138,16,1943048
187,spotify:track:5OELUCYgOHKFAvCERnAvfS,Morgan Wallen,More Than My Hometown,Big Loud / Republic,21,-1,98,1942128
188,spotify:track:2yjlYDiNiQkdxVqTlaSrlX,Nicki Minaj,Super Freaky Girl,Republic Records,2,167,26,1934122
189,spotify:track:3IznIgmXtrUaoPWpQTy5jB,TV Girl,Not Allowed,TV Girl,150,187,15,1926316
190,spotify:track:3eX0NZfLtGzoLUxPNvRfqm,Taylor Swift,Maroon,Taylor Swift,3,161,16,1924499
191,spotify:track:3GZD6HmiNUhxXYf8Gch723,Frank Ocean,Lost,Red Zone Entertainment / IDJ,14,-1,44,1921655
192,spotify:track:34tz0eDhGuFErIuW3q4mPX,"Drake, 21 Savage",On BS,OVO / Republic Records,5,186,14,1920983
193,spotify:track:0ofHAoxe9vBkTCp2UQIavz,Fleetwood Mac,Dreams - 2004 Remaster,Rhino/Warner Records,6,-1,114,1917976
194,spotify:track:7FAFkQQZFeNwOFzTrSDFIh,Mac Miller,The Spins,Rostrum Records,61,181,92,1912342
195,spotify:track:2XHzzp1j4IfTNp1FTn7YFg,"Lil Wayne, Drake, Future",Love Me,CM/Republic,195,-1,1,1911201
196,spotify:track:7yq4Qj7cqayVTp3FF9CWbm,Vance Joy,Riptide,F-Stop Records/Atlantic,95,-1,25,1908296
197,spotify:track:3E7dfMvvCLUddWissuqMwr,Miley Cyrus,Party In The U.S.A.,Hollywood Records,51,-1,23,1899410
198,spotify:track:2wAJTrFhCnQyNSD3oUgTZO,J. Cole,Work Out,Roc Nation LLC,101,-1,48,1898088
199,spotify:track:5BmB3OaQyYXCqRyN8iR2Yi,NLE Choppa,SLUT ME OUT,Warner Records,199,-1,1,1889935
200,spotify:track:5jfhLCSIFUO4ndzNRh4w4G,Zach Bryan,"Burn, Burn, Burn",Warner Records,68,193,4,1879698
1,spotify:track:1Qrg8KqiBpW07V7PNxwwwL,SZA,Kill Bill,Top Dawg Entertainment/RCA Records,1,1,10,15346454
2,spotify:track:6AQbmUe0Qwf5PZnt4HmTXv,"PinkPantheress, Ice Spice",Boy's a liar Pt. 2,Warner Records,2,9,2,14396369
3,spotify:track:0yLdNVWF3Srea0uzk55zFn,Miley Cyrus,Flowers,Columbia,1,2,5,11877275
4,spotify:track:59uQI0PADDKeE6UZDTJEe8,Morgan Wallen,Last Night,Big Loud Records / Mercury Records / Republic Records,3,3,3,10727952
5,spotify:track:4FyesJzVpA39hbYvcseO2d,Lil Uzi Vert,Just Wanna Rock,Generation Now/Atlantic,5,5,18,7874027
6,spotify:track:2dHHgzDwk4BJdRwy9uXhTO,"Metro Boomin, The Weeknd, 21 Savage",Creepin' (with The Weeknd & 21 Savage),Republic Records,1,4,11,7212869
7,spotify:track:0vjeOZ3Ft5jvAi9SBFJm1j,"Metro Boomin, Future, Chris Brown",Superhero (Heroes & Villains) [with Future & Chris Brown],Republic Records,2,7,11,7094183
8,spotify:track:1bDbXMyjaUIooNwFE9wn0N,"Drake, 21 Savage",Rich Flex,OVO / Republic Records,1,6,15,6658887
9,spotify:track:2LBqCSwhJGcFQeTHMVGwy3,The Weeknd,Die For You,Universal Republic Records,8,10,101,6235136
10,spotify:track:3qXsX3mYSsD1DmAvc3PE3N,Luke Combs,Love You Anyway,River House Artists/Columbia Nashville,10,-1,1,6183104
11,spotify:track:4Dvkj6JhhA12EX05fT7y2e,Harry Styles,As It Was,Columbia,1,11,46,5707104
12,spotify:track:0JXXNGljqupsJaZsgSbMZV,Miguel,Sure Thing,Jive,10,13,19,5669935
13,spotify:track:5odlY52u43F5BjByhxg7wg,JVKE,golden hour,JVKE,8,15,26,5595021
14,spotify:track:4k6Uh1HXdhtusDW5y8Gbvy,Steve Lacy,Bad Habit,L-M Records/RCA Records,1,12,33,5565169
15,spotify:track:0V3wPSX9ygBnCm8psDIegu,Taylor Swift,Anti-Hero,Taylor Swift,1,14,17,5318603
16,spotify:track:0NZPBYD5qbEWRs3PrGiRkT,"Sam Smith, Kim Petras",Unholy (feat. Kim Petras),Capitol Records UK / EMI,1,8,21,5220899
17,spotify:track:1xK59OXxi2TAAAbmZK0kBL,d4vd,Romantic Homicide,Darkroom/Interscope Records,3,18,28,5194264
18,spotify:track:4iZ4pt7kvcaH6Yo8UoZ4s2,SZA,Snooze,Top Dawg Entertainment/RCA Records,17,21,10,5187628
19,spotify:track:3WMj8moIAXJhHsyLaqIIHI,Zach Bryan,Something in the Orange,Warner Records,4,17,43,5107685
20,spotify:track:2GAhgAjOhEmItWLfgisyOn,SZA,Low,Top Dawg Entertainment/RCA Records,4,20,10,4690532
21,spotify:track:78Sw5GDo6AlGwTwanjXbGh,d4vd,Here With Me,Darkroom/Interscope Records,20,22,17,4626255
22,spotify:track:2yPoXCs7BSIUrucMdK5PzV,"Rihanna, JAY-Z",Umbrella,Def Jam Recordings,22,-1,1,4584400
23,spotify:track:68Dni7IE4VyPkTOH9mRWHr,J. Cole,No Role Modelz,Roc Nation Records LLC,10,23,262,4557484
24,spotify:track:6UN73IYd0hZxLi8wFPMQij,Coi Leray,Players,Uptown / Republic Records,24,43,5,4465323
25,spotify:track:5mHdCZtVyb4DcJw8799hZp,"RAYE, 070 Shake",Escapism.,Human Re Sources,20,25,11,4459247
26,spotify:track:4nrPB8O7Y7wsOCJdgXkthe,"Bizarrap, Shakira","Shakira: Bzrp Music Sessions, Vol. 53",DALE PLAY Records,5,19,5,4432646
27,spotify:track:0IKeDy5bT9G0bA7ZixRT4A,"Fuerza Regida, Grupo Frontera",Bebe Dame,Rancho Humilde/Street Mob Records,18,26,8,4207309
28,spotify:track:65FftemJ1DbbZ45DUfHJXE,NewJeans,OMG,ADOR,28,30,6,4137634
29,spotify:track:4sx6NRwL6Ol3V6m9exwGlQ,The Kid LAROI,Love Again,Columbia,13,16,3,4116905
30,spotify:track:373gDROnujxNTFa1FojYIl,Linkin Park,Lost,Warner Records,30,-1,1,4036913
31,spotify:track:4686eQ81DEswHa90bcdlC9,Bailey Zimmerman,Rock and A Hard Place,Warner Music Nashville/Elektra,26,32,36,3959139
32,spotify:track:1zv3WFUbZ5vPxFq9I2jAU1,"Rihanna, Calvin Harris",We Found Love,Def Jam Recordings,32,-1,1,3925009
33,spotify:track:5uU1uuyaUIBOiiUSQG7Wl3,Morgan Wallen,You Proof,Big Loud / Mercury Records / Republic Records,11,34,40,3893572
34,spotify:track:5oO3drDxtziYU2H1X23ZIp,Rihanna,Love On The Brain,Roc Nation / Rihanna,34,-1,35,3870474
35,spotify:track:3F5CgOj3wFlRv51JsHbxhe,"Drake, 21 Savage",Jimmy Cooks (feat. 21 Savage),OVO,2,31,35,3866194
36,spotify:track:4uUG5RXrOk84mYEfFvj3cK,"David Guetta, Bebe Rexha",I'm Good (Blue),Parlophone UK,8,36,25,3700184
37,spotify:track:5jQI2r1RdgtuT8S3iG8zFC,Taylor Swift,Lavender Haze,Taylor Swift,2,29,17,3685721
38,spotify:track:3cBsEDNhFI9E82vPj3kvi3,Morgan Wallen,Wasted On You,Big Loud / Republic,3,42,108,3679998
39,spotify:track:3azJifCSqg9fRij2yKIbWz,Tory Lanez,The Color Violet,One Umbrella Records,26,28,24,3679146
40,spotify:track:2wSTnntOPRi7aQneobFtU4,SZA,Shirt,Top Dawg Entertainment/RCA Records,8,37,16,3673128
41,spotify:track:2QjOHCTQ1Jl3zawyYOpxh6,The Neighbourhood,Sweater Weather,Columbia,13,40,130,3653090
42,spotify:track:4pAl7FkDMNBsjykPXo91B3,Rihanna,Needed Me,Roc Nation / Rihanna,42,-1,25,3629117
43,spotify:track:1IHWl5LamUGEuP4ozKQSXZ,Bad Bunny,Tití Me Preguntó,Rimas Entertainment LLC,3,39,41,3607269
44,spotify:track:4fYte8ZvTK14NEhAOZocBi,OneRepublic,I Ain't Worried,Mosley / Interscope,7,44,37,3603473
45,spotify:track:3cJjqvXbFwiWgnuWgoyhPM,Steve Lacy,Dark Red,Three Quarter,16,57,80,3581661
46,spotify:track:42TtHTxWk782ZBiqyOi2d1,"Zach Bryan, Maggie Rogers",Dawns (feat. Maggie Rogers),Warner Records,17,24,3,3496729
47,spotify:track:0NTMtAO2BV4tnGvw9EgBVq,Rihanna,Bitch Better Have My Money,Roc Nation / Rihanna,47,-1,1,3475724
48,spotify:track:1lRtH4FszTrwwlK5gTSbXO,"Natanael Cano, Peso Pluma, Gabito Ballesteros",AMG,WEA Latina,48,65,5,3459809
49,spotify:track:76FeKAU0A4dpFGrVSg2TX2,Morgan Wallen,I Wrote The Book,Big Loud Records / Mercury Records / Republic Records,27,27,3,3426222
50,spotify:track:1z9kQ14XBSN0r2v6fx4IdG,Rihanna,Diamonds,Def Jam Recordings,50,-1,1,3425478
51,spotify:track:7EAMXbLcL0qXmciM5SwMh2,Mac DeMarco,Heart To Heart,Mac’s Record Label,30,46,9,3405245
52,spotify:track:1xzi1Jcr7mEi9K2RfzLOqS,Beyoncé,CUFF IT,Parkwood Entertainment/Columbia,10,41,29,3388576
53,spotify:track:3hxIUxnT27p5WcmjGUXNwx,Hotel Ugly,Shut up My Moms Calling,"Hotel Ugly, under exclusive license to Amuseio AB",29,33,24,3331223
54,spotify:track:1N8TTK1Uoy7UvQNUazfUt5,ThxSoMch,SPIT IN MY FACE!,Elektra (NEK),33,53,14,3313230
55,spotify:track:6Sq7ltF9Qa7SNFBsV5Cogx,"Bad Bunny, Chencho Corleone",Me Porto Bonito,Rimas Entertainment LLC,2,47,41,3295741
56,spotify:track:2mpoNBkngUEwnaKoBhZ0vl,"Peso Pluma, Natanael Cano",PRC,Prajin Parlay Inc dba Prajin Records / Rancho Humilde / Los CT,56,66,3,3288869
57,spotify:track:5Y35SjAfXjjG0sFQ3KOxmm,SZA,Nobody Gets Me,Top Dawg Entertainment/RCA Records,3,38,10,3277610
58,spotify:track:59nOXPmaKlBfGMDeOVGrIK,"Future, Drake, Tems",WAIT FOR U (feat. Drake & Tems),Epic/Freebandz,3,49,42,3275751
59,spotify:track:2ENexcMEMsYk0rVJigVD3i,Rihanna,Only Girl (In The World),Def Jam Recordings,59,-1,1,3270892
60,spotify:track:6Um358vY92UBv5DloTRX9L,"Carin Leon, Grupo Frontera",Que Vuelvas,BorderKid Records/Sony Music Latin,28,51,7,3260949
61,spotify:track:48UKTR66uUOT9LaUvooTNx,Luke Combs,The Kind of Love We Make,River House Artists/Columbia Nashville,15,50,35,3242188
62,spotify:track:3QFInJAm9eyaho5vBzxInN,"Baby Keem, Kendrick Lamar",family ties (with Kendrick Lamar),Columbia,8,58,77,3196781
63,spotify:track:0WtM2NBVQNNJLh6scP13H8,"Rema, Selena Gomez",Calm Down (with Selena Gomez),Mavin Records / Jonzing World,47,63,22,3183358
64,spotify:track:789CxjEOtO76BVD1A9yJQH,"Rihanna, Mikky Ekko",Stay,Def Jam Recordings,64,-1,1,3181933
65,spotify:track:7LR85XLWw2yXqKBSI5brbG,"JAY-Z, Rihanna, Kanye West",Run This Town,Roc Nation / Jay-Z,65,-1,1,3160742
66,spotify:track:0yUaLqhsVsguBpoOPL4cO7,Ice Spice,In Ha Mood,10K Projects/Capitol Records,66,97,4,3159641
67,spotify:track:5gDWsRxpJ2lZAffh5p7K0w,"The Weeknd, Lana Del Rey",Stargirl Interlude,Universal Republic Records,56,56,33,3152596
68,spotify:track:6pcywuOeGGWeOQzdUyti6k,"21 Savage, Metro Boomin",Glock In My Lap,"Slaughter Gang, LLC/Epic/Boominati Worldwide/Republic",8,73,19,3085487
69,spotify:track:0O6u0VJ46W86TxN9wgyqDj,"Post Malone, Doja Cat",I Like You (A Happier Song) (with Doja Cat),Mercury Records/Republic Records,3,60,37,3056232
70,spotify:track:1Y3LN4zO1Edc2EluIoSPJN,"Stephen Sanchez, Em Beihold",Until I Found You (with Em Beihold) - Em Beihold Version,Republic Records,18,72,10,2998548
71,spotify:track:6dgUya35uo964z7GZXM07g,Sabrina Carpenter,Nonsense,Island Records,15,52,6,2996615
72,spotify:track:2HbKqm4o0w5wEeEFXm2sD4,"Kendrick Lamar, Jay Rock",Money Trees,Aftermath,52,68,113,2978945
73,spotify:track:58ge6dfP91o9oXMzq3XkIS,Arctic Monkeys,505,Domino Recording Co,18,61,109,2977112
74,spotify:track:5BbdKBZO0TH0GhfxUfyhL9,Lil Baby,Freestyle,Quality Control Music (Caroline),55,55,35,2975524
75,spotify:track:2L9N0zZnd37dwF0clgxMGI,Lizzy McAlpine,ceilings,Harbour Artists & Music,75,95,4,2973668
76,spotify:track:4EWCNWgDS8707fNSZ1oaA5,Kanye West,Heartless,Roc-A-Fella,40,78,72,2966080
77,spotify:track:6NHpyYvJyQsg2nXXzGYc2R,Morgan Wallen,Thought You Should Know,Big Loud Records / Republic Records,18,64,41,2938785
78,spotify:track:3r8RuvgbX9s7ammBn07D3W,NewJeans,Ditto,ADOR,34,45,8,2927841
79,spotify:track:3NanY0K4okhIQzL33U5Ad8,PinkPantheress,Boy's a liar,Warner Records,48,48,11,2884905
80,spotify:track:6sCvvleqKbeyOkQDieBYgp,Rihanna,Lift Me Up - From Black Panther: Wakanda Forever - Music From and Inspired By,Roc Nation/Def Jam/Hollywood,17,-1,6,2860063
81,spotify:track:1Jo0Zg7XlrA6z0mFTZVdkn,Rihanna,Don't Stop The Music,Def Jam Recordings,81,-1,1,2843353
82,spotify:track:62L9AbfPmUm8gV578rxC51,Morgan Wallen,Everything I Love,Big Loud Records / Mercury Records / Republic Records,35,35,3,2780970
83,spotify:track:1qEmFfgcLObUfQm0j1W2CK,Harry Styles,Late Night Talking,Columbia,2,62,39,2778202
84,spotify:track:7MXVkk9YMctZqd1Srtv4MB,"The Weeknd, Daft Punk",Starboy,Universal Republic Records,3,83,107,2776869
85,spotify:track:4tqcoej1zPvwePZCzuAjJd,J. Cole,Wet Dreamz,Roc Nation Records LLC,69,77,70,2772356
86,spotify:track:4PMqSO5qyjpvzhlLI5GnID,SZA,Good Days,Top Dawg Entertainment/RCA Records,1,75,95,2759227
87,spotify:track:6IyoLWzljeR3ldQo4KWHT6,Yeat,Out thë way,Field Trip Recordings/Geffen Records,47,74,11,2756301
88,spotify:track:5ww2BF9slyYgNOk37BlC4u,Manuel Turizo,La Bachata,Sony Music Latin/La Industria,48,67,26,2730118
89,spotify:track:1uN0f4NqMDcReSwXO6PLuG,Rihanna,Where Have You Been,Def Jam Recordings,89,-1,1,2721856
90,spotify:track:7H0ya83CMmgFcOhw0UB6ow,Beach House,Space Song,Bella Union,47,69,83,2703328
91,spotify:track:2mnXxnrX5vCGolNkaFvVeM,"Arcángel, Bad Bunny",La Jumpa,Rimas Entertainment LLC.,43,59,11,2702876
92,spotify:track:2CSRrnOEELmhpq8iaAi9cd,SZA,Blind,Top Dawg Entertainment/RCA Records,5,70,10,2694215
93,spotify:track:0FA4wrjDJvJTTU8AepZTup,"Lil Uzi Vert, sped up nightcore, ARIZONATEARS",Watch This - ARIZONATEARS Pluggnb Remix,sped up nightcore,93,-1,1,2691242
94,spotify:track:6KGtAlYvgm4W9PoYabFAYE,Morgan Wallen,One Thing At A Time,Big Loud Records / Mercury Records / Republic Records,31,71,11,2681379
95,spotify:track:4h5x3XHLVYFJaItKuO2rhy,"SZA, Phoebe Bridgers",Ghost in the Machine (feat. Phoebe Bridgers),Top Dawg Entertainment/RCA Records,17,103,10,2673641
96,spotify:track:0rc1HCVoReqzzXF9jssqZk,"Lizzo, SZA",Special (feat. SZA),Atlantic Records,96,-1,1,2667104
97,spotify:track:02MWAaffLxlfxAUY7c5dvx,Glass Animals,Heat Waves,Polydor Records,1,81,116,2658258
98,spotify:track:3xKsf9qdS1CyvXSMEid6g8,Frank Ocean,Pink + White,Boys Don't Cry,76,76,27,2638789
99,spotify:track:5UWwZ5lm5PKu6eKsHAGxOk,Foo Fighters,Everlong,RCA Records Label,60,82,28,2637894
100,spotify:track:0QHEIqNKsMoOY5urbzN48u,Meghan Trainor,Made You Look,Epic,27,84,17,2603313
101,spotify:track:2Hh3ETdQKrmSI3QS0hme7g,"Metro Boomin, Future, Don Toliver",Too Many Nights (feat. Don Toliver & with Future),Republic Records,10,80,11,2600189
102,spotify:track:6HMtHNpW6YPi1hrw9tgF8P,Lizzo,About Damn Time,Nice Life/Atlantic,6,89,41,2597008
103,spotify:track:5XeFesFbtLpXzIVDNQP22n,Arctic Monkeys,I Wanna Be Yours,Domino Recording Co,62,79,23,2590421
104,spotify:track:7ySUcLPVX7KudhnmNcgY2D,Rihanna,S&M,Def Jam Recordings,104,-1,1,2587896
105,spotify:track:3XgGQ1wjo5khvq2UImjyNF,Brent Faiyaz,ALL MINE,"Lost Kids LLC., Marketed by Venice / Stem",22,94,28,2556261
106,spotify:track:4vVjPTApwXZwB2H3mBq3ml,"Quavo, Takeoff",HOTEL LOBBY (Unc & Phew),Quality Control Music/Motown Records,61,92,32,2550898
107,spotify:track:72TFWvU3wUYdUuxejTTIzt,"Rihanna, Drake",Work,Roc Nation / Rihanna,57,-1,13,2546091
108,spotify:track:5r67bGhYXZNqk2m2Wupfmu,Rihanna,Pour It Up,Def Jam Recordings,108,-1,1,2542278
109,spotify:track:4WuOWVnAqvEQxgSRrspBgt,"Metro Boomin, Travis Scott, 21 Savage",Niagara Falls (Foot or 2) [with Travis Scott & 21 Savage],Republic Records,7,96,11,2539866
110,spotify:track:3fqwjXwUGN6vbzIwvyFMhx,Chris Stapleton,Tennessee Whiskey,Mercury Nashville,98,142,94,2517150
111,spotify:track:5Eax0qFko2dh7Rl2lYs3bx,Bad Bunny,Efecto,Rimas Entertainment LLC,10,90,41,2510316
112,spotify:track:3RKjTYlQrtLXCq5ncswBPp,Baby Tate,"Hey, Mickey!",Yung Baby Tate,39,87,4,2489839
113,spotify:track:567e29TDzLwZwfDuEpGTwo,"The Kid LAROI, Justin Bieber",STAY (with Justin Bieber),Columbia,1,93,84,2477399
114,spotify:track:6dBUzqjtbnIa1TwYbyw5CM,TV Girl,Lovers Rock,TV Girl,101,101,13,2463137
115,spotify:track:4VXIryQMWpIdGgYR4TrjT1,Juice WRLD,All Girls Are The Same,Juice WRLD Mixtape / ISR P&D,13,115,249,2420871
116,spotify:track:7KA4W4McWYRpgf0fWsJZWB,"Tyler, The Creator, Kali Uchis",See You Again (feat. Kali Uchis),Columbia,28,102,85,2419770
117,spotify:track:5TXDeTFVRVY7Cvt0Dw4vWW,XXXTENTACION,Revenge,Bad Vibes Forever / EMPIRE,25,88,68,2403881
118,spotify:track:78QR3Wp35dqAhFEc2qAGjE,"Lil Baby, Gunna",Drip Too Hard (Lil Baby & Gunna),"Quality Control Music/Young Stoner Life Records, a 300 Entertainment Label/Motown Records/Capitol Records",1,105,221,2393793
119,spotify:track:23Lyy7ZXRvzfgH4JtDkKrX,Grupo Frontera,No Se Va - En Vivo,Grupo Frontera,49,111,20,2387408
120,spotify:track:3AVrVz5rK8Hrqo9YGiVGN5,Cigarettes After Sex,Apocalypse,Partisan Records,49,100,32,2376269
121,spotify:track:7fBv7CLKzipRk6EC6TWHOB,The Weeknd,The Hills,Universal Republic Records,27,106,104,2374875
122,spotify:track:3sNVsP50132BTNlImLx70i,Kanye West,Bound 2,Rock The World/IDJ/Kanye/LP6,20,122,60,2353455
123,spotify:track:4FAKtPVycI4DxoOHC01YqD,"Yandel, Feid",Yandel 150,La Leyenda LLC,120,120,3,2349635
124,spotify:track:30VrBsh1STRBoIrhQOAwzK,Rihanna,Disturbia,Def Jam Recordings,83,-1,3,2345106
125,spotify:track:180tYOjVoVnuDFZdTzgQRe,Rihanna,Rude Boy,Def Jam Recordings,125,-1,1,2337320
126,spotify:track:4ewazQLXFTDC8XvCbhvtXs,Joji,Glimpse of Us,88rising Music/Warner Records,1,98,36,2329370
127,spotify:track:54ELExv56KCAB4UP9cOCzC,"Ñengo Flow, Bad Bunny",Gato de Noche,Rimas Entertainment LLC,38,99,8,2317735
128,spotify:track:5TRPicyLGbAF2LGBFbHGvO,"Kanye West, Dwele",Flashing Lights,Roc-A-Fella,53,129,57,2315205
129,spotify:track:6foY66mWZN0pSRjZ408c00,Morgan Wallen,Whiskey Glasses,Big Loud Records,43,108,195,2313834
130,spotify:track:577YBGuskWkVDCxZrLRB4v,Lil Baby,Pure Cocaine,Quality Control Music/Motown Records/Capitol Records,52,114,43,2290899
131,spotify:track:6vN77lE9LK6HP2DewaN6HZ,"Lil Baby, Drake",Yes Indeed,"Quality Control Music, LLC",2,117,145,2283349
132,spotify:track:5BmB3OaQyYXCqRyN8iR2Yi,NLE Choppa,SLUT ME OUT,Warner Records,132,199,2,2275494
133,spotify:track:54ipXppHLA8U4yqpOFTUhr,Imagine Dragons,Bones,Kid Ina Korner / Interscope,52,123,29,2273713
134,spotify:track:3pXF1nA74528Edde4of9CC,Bryson Tiller,Don't,TrapSoul/RCA Records,82,119,78,2272295
135,spotify:track:0hquQWY3xvYqN4qtiquniF,Doja Cat,Vegas (From the Original Motion Picture Soundtrack ELVIS),Kemosabe Records/RCA Records,7,107,41,2267525
136,spotify:track:5IgjP7X4th6nMNDh4akUHb,Chris Brown,Under The Influence,Chris Brown Entertainment/RCA Records,22,110,27,2266103
137,spotify:track:6BQrmjAgPfPTwILoFEK3Hd,Kali Uchis,I Wish you Roses,Geffen Records,37,91,4,2250809
138,spotify:track:7FAFkQQZFeNwOFzTrSDFIh,Mac Miller,The Spins,Rostrum Records,61,194,93,2250746
139,spotify:track:1cKHdTo9u0ZymJdPGSh6nq,"The Weeknd, Gesaffelstein",I Was Never There,Universal Republic Records,8,104,35,2247652
140,spotify:track:0B7wvvmu9EISAwZnOpjhNI,Bruno Mars,When I Was Your Man,Atlantic Records,111,112,12,2231150
141,spotify:track:6PGoSes0D9eUDeeAafB2As,"Kendrick Lamar, Zacari",LOVE. FEAT. ZACARI.,Aftermath,5,132,122,2230489
142,spotify:track:5MwynWK9s4hlyKHqhkNn4A,Morgan Wallen,Chasin' You,Big Loud Records,55,130,103,2214557
143,spotify:track:2Dct3GykKZ58hpWRFfe2Qd,Zach Bryan,Heading South,Warner Records,70,139,14,2207539
144,spotify:track:4AFsRbaLKRWo3dDtjDFA2V,Childish Gambino,Me and Your Mama,Glassnote Entertainment Group LLC,49,118,44,2203621
145,spotify:track:5ht9obvnnWeW4eoRtPAoQD,"Ghostluvme, Lil Uzi Vert",Fact (feat. Lil Uzi Vert),High & Mighty Entertainment,145,-1,1,2201378
146,spotify:track:3Zyk5Vd9WNPNVWxvb0EZTk,"KAROL G, Romeo Santos",X SI VOLVEMOS,UMLE - Latino,54,54,2,2199577
147,spotify:track:0VjIjW4GlUZAMYd2vXMi3b,The Weeknd,Blinding Lights,Republic Records,1,145,164,2186800
148,spotify:track:6TBzRwnX2oYd8aOrOuyK1p,"Oscar Maydon, Junior H",Fin de Semana,Rancho Humilde,85,85,5,2176064
149,spotify:track:6VhuP99TE6gYNQRJIlAWFD,Stephen Sanchez,Until I Found You,Republic Records,30,144,40,2172517
150,spotify:track:6Ox1rvlwEpB49drasQm6RF,Lil Peep,Star Shopping,Lil Peep,100,127,67,2169464
151,spotify:track:0RiRZpuVRbi7oqRdSMwhQY,"Post Malone, Swae Lee",Sunflower - Spider-Man: Into the Spider-Verse,Republic Records,1,138,222,2167821
152,spotify:track:7KXjTSCq5nL1LoYtL7XAwS,Kendrick Lamar,HUMBLE.,Aftermath,1,158,165,2159492
153,spotify:track:6BePGk3eCan4FqaW2X8Qy3,"Tiësto, Tate McRae",10:35,Atlantic Records,105,121,7,2158952
154,spotify:track:3iBgrkexCzVuPy4O9vx7Mf,beabadoobee,Glue Song,Dirty Hit,154,-1,1,2145273
155,spotify:track:3rWDp9tBPQR9z6U5YyRSK4,Taylor Swift,Midnight Rain,Taylor Swift,3,109,17,2137627
156,spotify:track:2ZL7WZcjuYKi1KUDtp4kCC,"Drake, 21 Savage",Spin Bout U,OVO / Republic Records,6,134,15,2134958
157,spotify:track:2BcMwX1MPV6ZHP4tUT9uq6,"Drake, 21 Savage, Project Pat",Knife Talk (with 21 Savage ft. Project Pat),OVO,2,133,74,2134605
158,spotify:track:0uxSUdBrJy9Un0EYoBowng,Lil Uzi Vert,20 Min,Generation Now/Atlantic,48,154,155,2126709
159,spotify:track:3GCdLUSnKSMJhs4Tj6CV3s,"Kendrick Lamar, SZA",All The Stars (with SZA),Black Panther (TDE/DMG) PS,2,152,64,2125883
160,spotify:track:2KLwPaRDOB87XOYAT2fgxh,"Drake, 21 Savage, Travis Scott",Pussy & Millions (feat. Travis Scott),OVO / Republic Records,3,131,15,2122690
161,spotify:track:003vvx7Niy0yvhvHt4a68B,The Killers,Mr. Brightside,Island Records,60,155,129,2121503
162,spotify:track:5NRtdsFFlmyE8qDMgS08PE,Paramore,Running Out Of Time,Atlantic Records,162,-1,1,2114635
163,spotify:track:5fEB6ZmVkg63GZg9qO86jh,PARTYNEXTDOOR,Break from Toronto,OVO Sound,110,116,6,2111829
164,spotify:track:7sO5G9EABYOXQKNPNiE9NR,"Offset, Metro Boomin",Ric Flair Drip (with Metro Boomin),"Slaughter Gang, LLC/Epic/Quality Control Music/Motown/Capitol/Boominati Worldwide/Republic",4,159,166,2107291
165,spotify:track:4Li2WHPkuyCdtmokzW2007,"JAY-Z, Kanye West",Ni**as In Paris,Roc Nation / Jay-Z,107,165,55,2098498
166,spotify:track:1qMMYpVatbRITKCfq1gasi,Future,PUFFIN ON ZOOTIEZ,Epic/Freebandz,4,151,39,2091186
167,spotify:track:285pBltuF7vW8TeWk8hdRR,Juice WRLD,Lucid Dreams,Juice WRLD Mixtape / ISR P&D,1,163,246,2083399
168,spotify:track:4SqWKzw0CbA05TGszDgMlc,The Walters,I Love You So,Warner Records,9,156,68,2078988
169,spotify:track:2J6OF7CkpdQGSfm1wdclqn,Brent Faiyaz,Clouded,Lost Kids,65,128,20,2077946
170,spotify:track:6HBRLaSQ7NB8MNlaqzYen1,Jordan Davis,What My World Spins Around,MCA Nashville,125,125,12,2069154
171,spotify:track:1SjsVdSXpwm1kTdYEHoPIT,Zach Bryan,Sun to Me,Warner Records,106,143,6,2063561
172,spotify:track:6DdPacpAdYkxV8MCzsjaXu,Luke Combs,Growin' Up and Gettin' Old,River House Artists/Columbia Nashville,86,86,3,2058231
173,spotify:track:6IZvVAP7VPPnsGX6bvgkqg,Kendrick Lamar,PRIDE.,Aftermath,10,137,13,2057870
174,spotify:track:65OVbaJR5O1RmwOQx0875b,"Drake, Lil Baby",Wants and Needs (feat. Lil Baby),OVO,2,146,99,2057542
175,spotify:track:4lH6nENd1y81jp7Yt9lTBX,Future,Solo,Epic/Freebandz/A1,123,141,15,2056752
176,spotify:track:1eUGmzzvahJjOSWgDHuRlv,Miguel,Girl With The Tattoo Enter.lewd,Jive,101,140,6,2051689
177,spotify:track:7jtQIBanIiJOMS6RyCx6jZ,Tom Odell,Another Love,ITNO/Columbia,89,153,22,2049660
178,spotify:track:01Lr5YepbgjXAWR9iOEyH1,Chief Keef,Love Sosa,UMGRI Interscope,44,164,54,2048771
179,spotify:track:1brnLTvarI9D1hLP6z2Ar8,"Kane Brown, Katelyn Brown",Thank God,RCA Records Label Nashville,55,179,7,2048376
180,spotify:track:5FkoSXiJPKTNyYgALRJFhD,Baby Keem,ORANGE SODA,Baby Keem LLC,54,176,41,2045169
181,spotify:track:7DbdUf8aHSYoliSjO6LZv6,Beach Weather,"Sex, Drugs, Etc.",8123 / Arista Records,61,150,22,2044526
182,spotify:track:4RvWPyQ5RL0ao9LPZeSouE,Tears For Fears,Everybody Wants To Rule The World,UMC (Universal Music Catalogue),49,149,34,2033255
183,spotify:track:4S4QJfBGGrC8jRIjJHf1Ka,PinkPantheress,Pain,Parlophone UK,48,-1,19,2029781
184,spotify:track:0wXuerDYiBnERgIpbb3JBR,Childish Gambino,Redbone,Glassnote Entertainment Group LLC,9,147,156,2022690
185,spotify:track:2JvzF1RMd7lE3KmFlsyZD8,J. Cole,MIDDLE CHILD,"Dreamville, Inc., Under exclusive license to Roc Nation Records",1,166,169,2020888
186,spotify:track:15JINEqzVMv3SvJTAXAKED,"Eminem, Rihanna",Love The Way You Lie,Aftermath,186,-1,1,2013590
187,spotify:track:2qOm7ukLyHUXWyR4ZWLwxA,Ice Cube,It Was A Good Day,Priority Records,100,167,38,2012247
188,spotify:track:5UNMyX2AzF8X90wAYAxG6Q,Lainey Wilson,Heart Like A Truck,Broken Bow Records,148,173,4,2011049
189,spotify:track:37F7E7BKEw2E4O2L7u0IEp,Freddie Dredd,Limbo,Doomshop Records/RCA Records,94,157,14,2004184
190,spotify:track:6bnF93Rx87YqUBLSgjiMU8,The Weeknd,Heartless,Republic Records,1,184,36,1995889
191,spotify:track:4KW1lqgSr8TKrvBII0Brf8,Kanye West,Father Stretch My Hands Pt. 1,Rock The World/IDJ/Kanye LP7,97,175,53,1993876
192,spotify:track:2R4AlwtrrkMaRKojcTIzmL,Mac DeMarco,For the First Time,Captured Tracks,154,170,6,1990859
193,spotify:track:5oeOWXjH8NZFOWP0SpSXqV,Mac DeMarco,Chamber Of Reflection,Captured Tracks,125,162,7,1984066
194,spotify:track:561jH07mF1jHuk7KlaeF0s,Eminem,Mockingbird,Aftermath,109,174,14,1981483
195,spotify:track:3k3NWokhRRkEPhCzPmV8TW,"Bad Bunny, Bomba Estéreo",Ojitos Lindos,Rimas Entertainment LLC,11,169,37,1981392
196,spotify:track:58k32my5lKofeZRtIvBDg9,Baby Keem,HONEST,Baby Keem LLC,39,172,28,1976026
197,spotify:track:3GYlZ7tbxLOxe6ewMNVTkw,Billie Eilish,TV,Darkroom/Interscope Records,18,126,22,1975509
198,spotify:track:3U3Ff8ZvL6oEu1r98gCCWW,Rihanna,Pon de Replay,Def Jam Recordings,198,-1,1,1969064
199,spotify:track:5SWnsxjhdcEDc7LJjq9UHk,"21 Savage, Metro Boomin",Runnin,"Slaughter Gang, LLC/Epic/Boominati Worldwide/Republic",3,-1,31,1958386
200,spotify:track:0mflMxspEfB0VbI1kyLiAv,Noah Kahan,Stick Season,Mercury Records/Republic Records,43,171,32,1949123
1,spotify:track:6AQbmUe0Qwf5PZnt4HmTXv,"PinkPantheress, Ice Spice",Boy's a liar Pt. 2,Warner Records,1,2,3,15976588
2,spotify:track:1Qrg8KqiBpW07V7PNxwwwL,SZA,Kill Bill,Top Dawg Entertainment/RCA Records,1,1,11,14481247
3,spotify:track:59uQI0PADDKeE6UZDTJEe8,Morgan Wallen,Last Night,Big Loud Records / Mercury Records / Republic Records,3,4,4,10238835
4,spotify:track:0yLdNVWF3Srea0uzk55zFn,Miley Cyrus,Flowers,Columbia,1,3,6,10100484
5,spotify:track:4FyesJzVpA39hbYvcseO2d,Lil Uzi Vert,Just Wanna Rock,Generation Now/Atlantic,5,5,19,7687699
6,spotify:track:2dHHgzDwk4BJdRwy9uXhTO,"Metro Boomin, The Weeknd, 21 Savage",Creepin' (with The Weeknd & 21 Savage),Republic Records,1,6,12,7251902
7,spotify:track:0vjeOZ3Ft5jvAi9SBFJm1j,"Metro Boomin, Future, Chris Brown",Superhero (Heroes & Villains) [with Future & Chris Brown],Republic Records,2,7,12,6887644
8,spotify:track:1bDbXMyjaUIooNwFE9wn0N,"Drake, 21 Savage",Rich Flex,OVO / Republic Records,1,8,16,6400083
9,spotify:track:2LBqCSwhJGcFQeTHMVGwy3,The Weeknd,Die For You,Universal Republic Records,8,9,102,6117972
10,spotify:track:0FA4wrjDJvJTTU8AepZTup,"Lil Uzi Vert, sped up nightcore, ARIZONATEARS",Watch This - ARIZONATEARS Pluggnb Remix,sped up nightcore,10,93,2,5517815
11,spotify:track:4Dvkj6JhhA12EX05fT7y2e,Harry Styles,As It Was,Columbia,1,11,47,5486711
12,spotify:track:5odlY52u43F5BjByhxg7wg,JVKE,golden hour,JVKE,8,13,27,5344818
13,spotify:track:4k6Uh1HXdhtusDW5y8Gbvy,Steve Lacy,Bad Habit,L-M Records/RCA Records,1,14,34,5325321
14,spotify:track:0JXXNGljqupsJaZsgSbMZV,Miguel,Sure Thing,Jive,10,12,20,5274306
15,spotify:track:3WMj8moIAXJhHsyLaqIIHI,Zach Bryan,Something in the Orange,Warner Records,4,19,44,5084770
16,spotify:track:0V3wPSX9ygBnCm8psDIegu,Taylor Swift,Anti-Hero,Taylor Swift,1,15,18,5044732
17,spotify:track:7oLKoGzQVwjZ91AzCn560T,Superstar Pride,PAINTING PICTURES,Superstar Pride,17,-1,1,5011511
18,spotify:track:4iZ4pt7kvcaH6Yo8UoZ4s2,SZA,Snooze,Top Dawg Entertainment/RCA Records,17,18,11,4975923
19,spotify:track:1xK59OXxi2TAAAbmZK0kBL,d4vd,Romantic Homicide,Darkroom/Interscope Records,3,17,29,4956429
20,spotify:track:12cZWGf5ZgLcKubEW9mx5q,NF,HOPE,NF Real Music II,20,-1,1,4716149
21,spotify:track:68Dni7IE4VyPkTOH9mRWHr,J. Cole,No Role Modelz,Roc Nation Records LLC,10,23,263,4660033
22,spotify:track:0NZPBYD5qbEWRs3PrGiRkT,"Sam Smith, Kim Petras",Unholy (feat. Kim Petras),Capitol Records UK / EMI,1,16,22,4626566
23,spotify:track:6UN73IYd0hZxLi8wFPMQij,Coi Leray,Players,Uptown / Republic Records,23,24,6,4467644
24,spotify:track:2GAhgAjOhEmItWLfgisyOn,SZA,Low,Top Dawg Entertainment/RCA Records,4,20,11,4392418
25,spotify:track:3qXsX3mYSsD1DmAvc3PE3N,Luke Combs,Love You Anyway,River House Artists/Columbia Nashville,10,10,2,4381176
26,spotify:track:5mHdCZtVyb4DcJw8799hZp,"RAYE, 070 Shake",Escapism.,Human Re Sources,20,25,12,4233931
27,spotify:track:78Sw5GDo6AlGwTwanjXbGh,d4vd,Here With Me,Darkroom/Interscope Records,20,21,18,4233045
28,spotify:track:4nrPB8O7Y7wsOCJdgXkthe,"Bizarrap, Shakira","Shakira: Bzrp Music Sessions, Vol. 53",DALE PLAY Records,5,26,6,3986721
29,spotify:track:2L9N0zZnd37dwF0clgxMGI,Lizzy McAlpine,ceilings,Harbour Artists & Music,29,75,5,3962114
30,spotify:track:0IKeDy5bT9G0bA7ZixRT4A,"Fuerza Regida, Grupo Frontera",Bebe Dame,Rancho Humilde/Street Mob Records,18,27,9,3915575
31,spotify:track:4686eQ81DEswHa90bcdlC9,Bailey Zimmerman,Rock and A Hard Place,Warner Music Nashville/Elektra,26,31,37,3862476
32,spotify:track:65FftemJ1DbbZ45DUfHJXE,NewJeans,OMG,ADOR,28,28,7,3830878
33,spotify:track:5uU1uuyaUIBOiiUSQG7Wl3,Morgan Wallen,You Proof,Big Loud / Mercury Records / Republic Records,11,33,41,3810148
34,spotify:track:3F5CgOj3wFlRv51JsHbxhe,"Drake, 21 Savage",Jimmy Cooks (feat. 21 Savage),OVO,2,35,36,3740921
35,spotify:track:2QjOHCTQ1Jl3zawyYOpxh6,The Neighbourhood,Sweater Weather,Columbia,13,41,131,3634141
36,spotify:track:4uUG5RXrOk84mYEfFvj3cK,"David Guetta, Bebe Rexha",I'm Good (Blue),Parlophone UK,8,36,26,3626974
37,spotify:track:3cBsEDNhFI9E82vPj3kvi3,Morgan Wallen,Wasted On You,Big Loud / Republic,3,38,109,3595942
38,spotify:track:0yUaLqhsVsguBpoOPL4cO7,Ice Spice,In Ha Mood,10K Projects/Capitol Records,38,66,5,3581569
39,spotify:track:3EaJDYHA0KnX88JvDhL9oa,Steve Lacy,Dark Red,Three Quarter,16,45,81,3497689
40,spotify:track:2wSTnntOPRi7aQneobFtU4,SZA,Shirt,Top Dawg Entertainment/RCA Records,8,40,17,3492469
41,spotify:track:3azJifCSqg9fRij2yKIbWz,Tory Lanez,The Color Violet,One Umbrella Records,26,39,25,3487365
42,spotify:track:1IHWl5LamUGEuP4ozKQSXZ,Bad Bunny,Tití Me Preguntó,Rimas Entertainment LLC,3,43,42,3430868
43,spotify:track:5jQI2r1RdgtuT8S3iG8zFC,Taylor Swift,Lavender Haze,Taylor Swift,2,37,18,3417174
44,spotify:track:4fYte8ZvTK14NEhAOZocBi,OneRepublic,I Ain't Worried,Mosley / Interscope,7,44,38,3313905
45,spotify:track:1lRtH4FszTrwwlK5gTSbXO,"Natanael Cano, Peso Pluma, Gabito Ballesteros",AMG,WEA Latina,45,48,6,3258598
46,spotify:track:4sx6NRwL6Ol3V6m9exwGlQ,The Kid LAROI,Love Again,Columbia,13,29,4,3251724
47,spotify:track:0WtM2NBVQNNJLh6scP13H8,"Rema, Selena Gomez",Calm Down (with Selena Gomez),Mavin Records / Jonzing World,47,63,23,3223919
48,spotify:track:7EAMXbLcL0qXmciM5SwMh2,Mac DeMarco,Heart To Heart,Mac’s Record Label,30,51,10,3214516
49,spotify:track:5BbdKBZO0TH0GhfxUfyhL9,Lil Baby,Freestyle,Quality Control Music (Caroline),49,74,36,3202823
50,spotify:track:59nOXPmaKlBfGMDeOVGrIK,"Future, Drake, Tems",WAIT FOR U (feat. Drake & Tems),Epic/Freebandz,3,58,43,3171495
51,spotify:track:3iBgrkexCzVuPy4O9vx7Mf,beabadoobee,Glue Song,Dirty Hit,51,154,2,3167791
52,spotify:track:6Sq7ltF9Qa7SNFBsV5Cogx,"Bad Bunny, Chencho Corleone",Me Porto Bonito,Rimas Entertainment LLC,2,55,42,3135211
53,spotify:track:6pcywuOeGGWeOQzdUyti6k,"21 Savage, Metro Boomin",Glock In My Lap,"Slaughter Gang, LLC/Epic/Boominati Worldwide/Republic",8,68,20,3131586
54,spotify:track:76FeKAU0A4dpFGrVSg2TX2,Morgan Wallen,I Wrote The Book,Big Loud Records / Mercury Records / Republic Records,27,49,4,3102685
55,spotify:track:1xzi1Jcr7mEi9K2RfzLOqS,Beyoncé,CUFF IT,Parkwood Entertainment/Columbia,10,52,30,3081409
56,spotify:track:3hxIUxnT27p5WcmjGUXNwx,Hotel Ugly,Shut up My Moms Calling,"Hotel Ugly, under exclusive license to Amuseio AB",29,53,25,3067914
57,spotify:track:1N8TTK1Uoy7UvQNUazfUt5,ThxSoMch,SPIT IN MY FACE!,Elektra (NEK),33,54,15,3043213
58,spotify:track:5Y35SjAfXjjG0sFQ3KOxmm,SZA,Nobody Gets Me,Top Dawg Entertainment/RCA Records,3,57,11,3037723
59,spotify:track:3QFInJAm9eyaho5vBzxInN,"Baby Keem, Kendrick Lamar",family ties (with Kendrick Lamar),Columbia,8,62,78,3028967
60,spotify:track:1wTopxO5eQBpxrBXPSbsUn,Lana Del Rey,A&W,Polydor Records,60,-1,1,3023428
61,spotify:track:6Um358vY92UBv5DloTRX9L,"Carin Leon, Grupo Frontera",Que Vuelvas,BorderKid Records/Sony Music Latin,28,60,8,3008400
62,spotify:track:5gDWsRxpJ2lZAffh5p7K0w,"The Weeknd, Lana Del Rey",Stargirl Interlude,Universal Republic Records,56,67,34,3003470
63,spotify:track:4EWCNWgDS8707fNSZ1oaA5,Kanye West,Heartless,Roc-A-Fella,40,76,73,2994233
64,spotify:track:42TtHTxWk782ZBiqyOi2d1,"Zach Bryan, Maggie Rogers",Dawns (feat. Maggie Rogers),Warner Records,17,46,4,2955707
65,spotify:track:6IyoLWzljeR3ldQo4KWHT6,Yeat,Out thë way,Field Trip Recordings/Geffen Records,47,87,12,2945671
66,spotify:track:1zv3WFUbZ5vPxFq9I2jAU1,"Rihanna, Calvin Harris",We Found Love,Def Jam Recordings,32,32,2,2931394
67,spotify:track:0O6u0VJ46W86TxN9wgyqDj,"Post Malone, Doja Cat",I Like You (A Happier Song) (with Doja Cat),Mercury Records/Republic Records,3,69,38,2928491
68,spotify:track:1Y3LN4zO1Edc2EluIoSPJN,"Stephen Sanchez, Em Beihold",Until I Found You (with Em Beihold) - Em Beihold Version,Republic Records,18,70,11,2914078
69,spotify:track:2yPoXCs7BSIUrucMdK5PzV,"Rihanna, JAY-Z",Umbrella,Def Jam Recordings,22,22,2,2910923
70,spotify:track:2HbKqm4o0w5wEeEFXm2sD4,"Kendrick Lamar, Jay Rock",Money Trees,Aftermath,52,72,114,2910402
71,spotify:track:58ge6dfP91o9oXMzq3XkIS,Arctic Monkeys,505,Domino Recording Co,18,73,110,2896077
72,spotify:track:1yHVHoz6Ny29gbbWJYVnFt,Niall Horan,Heaven,Capitol Records,72,-1,1,2879063
73,spotify:track:48UKTR66uUOT9LaUvooTNx,Luke Combs,The Kind of Love We Make,River House Artists/Columbia Nashville,15,61,36,2872412
74,spotify:track:2mpoNBkngUEwnaKoBhZ0vl,"Peso Pluma, Natanael Cano",PRC,Prajin Parlay Inc dba Prajin Records / Rancho Humilde / Los CT,56,56,4,2826517
75,spotify:track:5BmB3OaQyYXCqRyN8iR2Yi,NLE Choppa,SLUT ME OUT,Warner Records,75,132,3,2817771
76,spotify:track:6NHpyYvJyQsg2nXXzGYc2R,Morgan Wallen,Thought You Should Know,Big Loud Records / Republic Records,18,77,42,2783479
77,spotify:track:7MXVkk9YMctZqd1Srtv4MB,"The Weeknd, Daft Punk",Starboy,Universal Republic Records,3,84,108,2734053
78,spotify:track:5wG3HvLhF6Y5KTGlK0IW3J,"Metro Boomin, Travis Scott, Young Thug",Trance (with Travis Scott & Young Thug),Republic Records,20,-1,5,2686602
79,spotify:track:4tqcoej1zPvwePZCzuAjJd,J. Cole,Wet Dreamz,Roc Nation Records LLC,69,85,71,2670469
80,spotify:track:2Hh3ETdQKrmSI3QS0hme7g,"Metro Boomin, Future, Don Toliver",Too Many Nights (feat. Don Toliver & with Future),Republic Records,10,101,12,2669599
81,spotify:track:5oO3drDxtziYU2H1X23ZIp,Rihanna,Love On The Brain,Roc Nation / Rihanna,34,34,36,2659094
82,spotify:track:6dgUya35uo964z7GZXM07g,Sabrina Carpenter,Nonsense,Island Records,15,71,7,2655845
83,spotify:track:4PMqSO5qyjpvzhlLI5GnID,SZA,Good Days,Top Dawg Entertainment/RCA Records,1,86,96,2655082
84,spotify:track:02MWAaffLxlfxAUY7c5dvx,Glass Animals,Heat Waves,Polydor Records,1,97,117,2650730
85,spotify:track:5ww2BF9slyYgNOk37BlC4u,Manuel Turizo,La Bachata,Sony Music Latin/La Industria,48,88,27,2650017
86,spotify:track:0NTMtAO2BV4tnGvw9EgBVq,Rihanna,Bitch Better Have My Money,Roc Nation / Rihanna,47,47,2,2647685
87,spotify:track:7H0ya83CMmgFcOhw0UB6ow,Beach House,Space Song,Bella Union,47,90,84,2646114
88,spotify:track:5UWwZ5lm5PKu6eKsHAGxOk,Foo Fighters,Everlong,RCA Records Label,60,99,29,2623280
89,spotify:track:4pAl7FkDMNBsjykPXo91B3,Rihanna,Needed Me,Roc Nation / Rihanna,42,42,26,2620655
90,spotify:track:4MUlNqSrMeFAHA6VpJKMo8,"Polo G, Future",No Time Wasted (feat. Future),Columbia,90,-1,1,2610741
91,spotify:track:6KGtAlYvgm4W9PoYabFAYE,Morgan Wallen,One Thing At A Time,Big Loud Records / Mercury Records / Republic Records,31,94,12,2592355
92,spotify:track:4WuOWVnAqvEQxgSRrspBgt,"Metro Boomin, Travis Scott, 21 Savage",Niagara Falls (Foot or 2) [with Travis Scott & 21 Savage],Republic Records,7,109,12,2577717
93,spotify:track:3xKsf9qdS1CyvXSMEid6g8,Frank Ocean,Pink + White,Boys Don't Cry,76,98,28,2563265
94,spotify:track:2CSRrnOEELmhpq8iaAi9cd,SZA,Blind,Top Dawg Entertainment/RCA Records,5,92,11,2558721
95,spotify:track:1qEmFfgcLObUfQm0j1W2CK,Harry Styles,Late Night Talking,Columbia,2,83,40,2531283
96,spotify:track:2mnXxnrX5vCGolNkaFvVeM,"Arcángel, Bad Bunny",La Jumpa,Rimas Entertainment LLC.,43,91,12,2496633
97,spotify:track:5XeFesFbtLpXzIVDNQP22n,Arctic Monkeys,I Wanna Be Yours,Domino Recording Co,62,103,24,2474499
98,spotify:track:3NanY0K4okhIQzL33U5Ad8,PinkPantheress,Boy's a liar,Warner Records,48,79,12,2466402
99,spotify:track:0QHEIqNKsMoOY5urbzN48u,Meghan Trainor,Made You Look,Epic,27,100,18,2460196
100,spotify:track:6HMtHNpW6YPi1hrw9tgF8P,Lizzo,About Damn Time,Nice Life/Atlantic,6,102,42,2429798
101,spotify:track:4VXIryQMWpIdGgYR4TrjT1,Juice WRLD,All Girls Are The Same,Juice WRLD Mixtape / ISR P&D,13,115,250,2429325
102,spotify:track:4vVjPTApwXZwB2H3mBq3ml,"Quavo, Takeoff",HOTEL LOBBY (Unc & Phew),Quality Control Music/Motown Records,61,106,33,2429044
103,spotify:track:4h5x3XHLVYFJaItKuO2rhy,"SZA, Phoebe Bridgers",Ghost in the Machine (feat. Phoebe Bridgers),Top Dawg Entertainment/RCA Records,17,95,11,2403145
104,spotify:track:3r8RuvgbX9s7ammBn07D3W,NewJeans,Ditto,ADOR,34,78,9,2385753
105,spotify:track:7KA4W4McWYRpgf0fWsJZWB,"Tyler, The Creator, Kali Uchis",See You Again (feat. Kali Uchis),Columbia,28,116,86,2375270
106,spotify:track:7fBv7CLKzipRk6EC6TWHOB,The Weeknd,The Hills,Universal Republic Records,27,121,105,2373392
107,spotify:track:3XgGQ1wjo5khvq2UImjyNF,Brent Faiyaz,ALL MINE,"Lost Kids LLC., Marketed by Venice / Stem",22,105,29,2368314
108,spotify:track:5TXDeTFVRVY7Cvt0Dw4vWW,XXXTENTACION,Revenge,Bad Vibes Forever / EMPIRE,25,117,69,2366450
109,spotify:track:567e29TDzLwZwfDuEpGTwo,"The Kid LAROI, Justin Bieber",STAY (with Justin Bieber),Columbia,1,113,85,2361504
110,spotify:track:3fqwjXwUGN6vbzIwvyFMhx,Chris Stapleton,Tennessee Whiskey,Mercury Nashville,98,110,95,2360045
111,spotify:track:62L9AbfPmUm8gV578rxC51,Morgan Wallen,Everything I Love,Big Loud Records / Mercury Records / Republic Records,35,82,4,2357788
112,spotify:track:6dBUzqjtbnIa1TwYbyw5CM,TV Girl,Lovers Rock,TV Girl,101,114,14,2355624
113,spotify:track:3AVrVz5rK8Hrqo9YGiVGN5,Cigarettes After Sex,Apocalypse,Partisan Records,49,120,33,2351796
114,spotify:track:5TRPicyLGbAF2LGBFbHGvO,"Kanye West, Dwele",Flashing Lights,Roc-A-Fella,53,128,58,2347915
115,spotify:track:1z9kQ14XBSN0r2v6fx4IdG,Rihanna,Diamonds,Def Jam Recordings,50,50,2,2336813
116,spotify:track:577YBGuskWkVDCxZrLRB4v,Lil Baby,Pure Cocaine,Quality Control Music/Motown Records/Capitol Records,52,130,44,2326697
117,spotify:track:2ENexcMEMsYk0rVJigVD3i,Rihanna,Only Girl (In The World),Def Jam Recordings,59,59,2,2320561
118,spotify:track:78QR3Wp35dqAhFEc2qAGjE,"Lil Baby, Gunna",Drip Too Hard (Lil Baby & Gunna),"Quality Control Music/Young Stoner Life Records, a 300 Entertainment Label/Motown Records/Capitol Records",1,118,222,2320254
119,spotify:track:5Eax0qFko2dh7Rl2lYs3bx,Bad Bunny,Efecto,Rimas Entertainment LLC,10,111,42,2320202
120,spotify:track:3sNVsP50132BTNlImLx70i,Kanye West,Bound 2,Rock The World/IDJ/Kanye/LP6,20,122,61,2318274
121,spotify:track:373gDROnujxNTFa1FojYIl,Linkin Park,Lost,Warner Records,30,30,2,2291060
122,spotify:track:6vjZxvzdAeHp7jv3R398Xm,Jordan Davis,What My World Spins Around,MCA Nashville,122,170,13,2283961
123,spotify:track:6foY66mWZN0pSRjZ408c00,Morgan Wallen,Whiskey Glasses,Big Loud Records,43,129,196,2283224
124,spotify:track:2fBvSCdG3lDjImqJvnYtvq,Kelsea Ballerini,Mountain With A View,Black River Entertainment,124,-1,1,2275859
125,spotify:track:3RKjTYlQrtLXCq5ncswBPp,Baby Tate,"Hey, Mickey!",Yung Baby Tate,39,112,5,2267583
126,spotify:track:4ewazQLXFTDC8XvCbhvtXs,Joji,Glimpse of Us,88rising Music/Warner Records,1,126,37,2250427
127,spotify:track:6vN77lE9LK6HP2DewaN6HZ,"Lil Baby, Drake",Yes Indeed,"Quality Control Music, LLC",2,131,146,2249997
128,spotify:track:0kzN7YAMSbmlHOvxlbQW9y,"Grupo Marca Registrada, Grupo Frontera",Di Que Si,"RB Music, Inc. (RB Music/Grupo Marca Registrada)",128,-1,1,2244876
129,spotify:track:0hquQWY3xvYqN4qtiquniF,Doja Cat,Vegas (From the Original Motion Picture Soundtrack ELVIS),Kemosabe Records/RCA Records,7,135,42,2240312
130,spotify:track:4FAKtPVycI4DxoOHC01YqD,"Yandel, Feid",Yandel 150,La Leyenda LLC,120,123,4,2237166
131,spotify:track:2Dct3GykKZ58hpWRFfe2Qd,Zach Bryan,Heading South,Warner Records,70,143,15,2216131
132,spotify:track:6Ox1rvlwEpB49drasQm6RF,Lil Peep,Star Shopping,Lil Peep,100,150,68,2209389
133,spotify:track:7LR85XLWw2yXqKBSI5brbG,"JAY-Z, Rihanna, Kanye West",Run This Town,Roc Nation / Jay-Z,65,65,2,2204520
134,spotify:track:5MwynWK9s4hlyKHqhkNn4A,Morgan Wallen,Chasin' You,Big Loud Records,55,142,104,2195473
135,spotify:track:5IgjP7X4th6nMNDh4akUHb,Chris Brown,Under The Influence,Chris Brown Entertainment/RCA Records,22,136,28,2190822
136,spotify:track:23Lyy7ZXRvzfgH4JtDkKrX,Grupo Frontera,No Se Va - En Vivo,Grupo Frontera,49,119,21,2189854
137,spotify:track:0RiRZpuVRbi7oqRdSMwhQY,"Post Malone, Swae Lee",Sunflower - Spider-Man: Into the Spider-Verse,Republic Records,1,151,223,2188788
138,spotify:track:0VjIjW4GlUZAMYd2vXMi3b,The Weeknd,Blinding Lights,Republic Records,1,147,165,2172526
139,spotify:track:3pXF1nA74528Edde4of9CC,Bryson Tiller,Don't,TrapSoul/RCA Records,82,134,79,2168353
140,spotify:track:003vvx7Niy0yvhvHt4a68B,The Killers,Mr. Brightside,Island Records,60,161,130,2162638
141,spotify:track:6PGoSes0D9eUDeeAafB2As,"Kendrick Lamar, Zacari",LOVE. FEAT. ZACARI.,Aftermath,5,141,123,2160260
142,spotify:track:2ZL7WZcjuYKi1KUDtp4kCC,"Drake, 21 Savage",Spin Bout U,OVO / Republic Records,6,156,16,2158572
143,spotify:track:1cKHdTo9u0ZymJdPGSh6nq,"The Weeknd, Gesaffelstein",I Was Never There,Universal Republic Records,8,139,36,2157379
144,spotify:track:54ELExv56KCAB4UP9cOCzC,"Ñengo Flow, Bad Bunny",Gato de Noche,Rimas Entertainment LLC,38,127,9,2148303
145,spotify:track:6maTPqynTmrkWIralgGaoP,Mae Stephens,If We Ever Broke Up,EMI,145,-1,1,2148259
146,spotify:track:789CxjEOtO76BVD1A9yJQH,"Rihanna, Mikky Ekko",Stay,Def Jam Recordings,64,64,2,2145130
147,spotify:track:7FAFkQQZFeNwOFzTrSDFIh,Mac Miller,The Spins,Rostrum Records,61,138,94,2135641
148,spotify:track:5r67bGhYXZNqk2m2Wupfmu,Rihanna,Pour It Up,Def Jam Recordings,108,108,2,2124860
149,spotify:track:6BePGk3eCan4FqaW2X8Qy3,"Tiësto, Tate McRae",10:35,Atlantic Records,105,153,8,2113414
150,spotify:track:7KXjTSCq5nL1LoYtL7XAwS,Kendrick Lamar,HUMBLE.,Aftermath,1,152,166,2103804
151,spotify:track:4AFsRbaLKRWo3dDtjDFA2V,Childish Gambino,Me and Your Mama,Glassnote Entertainment Group LLC,49,144,45,2091847
152,spotify:track:4Li2WHPkuyCdtmokzW2007,"JAY-Z, Kanye West",Ni**as In Paris,Roc Nation / Jay-Z,107,165,56,2090023
153,spotify:track:4lH6nENd1y81jp7Yt9lTBX,Future,Solo,Epic/Freebandz/A1,123,175,16,2089853
154,spotify:track:3Zyk5Vd9WNPNVWxvb0EZTk,"KAROL G, Romeo Santos",X SI VOLVEMOS,UMLE - Latino,54,146,3,2088660
155,spotify:track:7sO5G9EABYOXQKNPNiE9NR,"Offset, Metro Boomin",Ric Flair Drip (with Metro Boomin),"Slaughter Gang, LLC/Epic/Quality Control Music/Motown/Capitol/Boominati Worldwide/Republic",4,164,167,2082336
156,spotify:track:0uxSUdBrJy9Un0EYoBowng,Lil Uzi Vert,20 Min,Generation Now/Atlantic,48,158,156,2080970
157,spotify:track:285pBltuF7vW8TeWk8hdRR,Juice WRLD,Lucid Dreams,Juice WRLD Mixtape / ISR P&D,1,167,247,2075513
158,spotify:track:54ipXppHLA8U4yqpOFTUhr,Imagine Dragons,Bones,Kid Ina Korner / Interscope,52,133,30,2067569
159,spotify:track:3GCdLUSnKSMJhs4Tj6CV3s,"Kendrick Lamar, SZA",All The Stars (with SZA),Black Panther (TDE/DMG) PS,2,159,65,2067531
160,spotify:track:0B7wvvmu9EISAwZnOpjhNI,Bruno Mars,When I Was Your Man,Atlantic Records,111,140,13,2067008
161,spotify:track:2BcMwX1MPV6ZHP4tUT9uq6,"Drake, 21 Savage, Project Pat",Knife Talk (with 21 Savage ft. Project Pat),OVO,2,157,75,2061003
162,spotify:track:1brnLTvarI9D1hLP6z2Ar8,"Kane Brown, Katelyn Brown",Thank God,RCA Records Label Nashville,55,179,8,2060806
163,spotify:track:0rc1HCVoReqzzXF9jssqZk,"Lizzo, SZA",Special (feat. SZA),Atlantic Records,96,96,2,2053235
164,spotify:track:4RvWPyQ5RL0ao9LPZeSouE,Tears For Fears,Everybody Wants To Rule The World,UMC (Universal Music Catalogue),49,182,35,2052660
165,spotify:track:3wHRgXJJTTwS2CkusTpn56,"$uicideboy$, Shakewell",Big Shot Cream Soda,G59 Records,165,-1,1,2051572
166,spotify:track:1qMMYpVatbRITKCfq1gasi,Future,PUFFIN ON ZOOTIEZ,Epic/Freebandz,4,166,40,2049926
167,spotify:track:4KW1lqgSr8TKrvBII0Brf8,Kanye West,Father Stretch My Hands Pt. 1,Rock The World/IDJ/Kanye LP7,97,191,54,2039114
168,spotify:track:2KLwPaRDOB87XOYAT2fgxh,"Drake, 21 Savage, Travis Scott",Pussy & Millions (feat. Travis Scott),OVO / Republic Records,3,160,16,2039080
169,spotify:track:2qOm7ukLyHUXWyR4ZWLwxA,Ice Cube,It Was A Good Day,Priority Records,100,187,39,2032342
170,spotify:track:3rWDp9tBPQR9z6U5YyRSK4,Taylor Swift,Midnight Rain,Taylor Swift,3,155,18,2015942
171,spotify:track:2JvzF1RMd7lE3KmFlsyZD8,J. Cole,MIDDLE CHILD,"Dreamville, Inc., Under exclusive license to Roc Nation Records",1,185,170,2015579
172,spotify:track:1SjsVdSXpwm1kTdYEHoPIT,Zach Bryan,Sun to Me,Warner Records,106,171,7,2011308
173,spotify:track:561jH07mF1jHuk7KlaeF0s,Eminem,Mockingbird,Aftermath,109,194,15,1998569
174,spotify:track:7DbdUf8aHSYoliSjO6LZv6,Beach Weather,"Sex, Drugs, Etc.",8123 / Arista Records,61,181,23,1989373
175,spotify:track:3kf0WdFOalKWBkCCLJo4mA,Chino Pacas,El Gordo Trae El Mando,STREET MOB,175,-1,1,1988691
176,spotify:track:6bnF93Rx87YqUBLSgjiMU8,The Weeknd,Heartless,Republic Records,1,190,37,1987253
177,spotify:track:6VhuP99TE6gYNQRJIlAWFD,Stephen Sanchez,Until I Found You,Republic Records,30,149,41,1986642
178,spotify:track:6sCvvleqKbeyOkQDieBYgp,Rihanna,Lift Me Up - From Black Panther: Wakanda Forever - Music From and Inspired By,Roc Nation/Def Jam/Hollywood,17,80,7,1986045
179,spotify:track:1eUGmzzvahJjOSWgDHuRlv,Miguel,Girl With The Tattoo Enter.lewd,Jive,101,176,7,1975493
180,spotify:track:5fEB6ZmVkg63GZg9qO86jh,PARTYNEXTDOOR,Break from Toronto,OVO Sound,110,163,7,1975266
181,spotify:track:6IZvVAP7VPPnsGX6bvgkqg,Kendrick Lamar,PRIDE.,Aftermath,10,173,14,1966730
182,spotify:track:2J6OF7CkpdQGSfm1wdclqn,Brent Faiyaz,Clouded,Lost Kids,65,169,21,1965727
183,spotify:track:1uN0f4NqMDcReSwXO6PLuG,Rihanna,Where Have You Been,Def Jam Recordings,89,89,2,1962737
184,spotify:track:65OVbaJR5O1RmwOQx0875b,"Drake, Lil Baby",Wants and Needs (feat. Lil Baby),OVO,2,174,100,1959912
185,spotify:track:7jtQIBanIiJOMS6RyCx6jZ,Tom Odell,Another Love,ITNO/Columbia,89,177,23,1958846
186,spotify:track:6TBzRwnX2oYd8aOrOuyK1p,"Oscar Maydon, Junior H",Fin de Semana,Rancho Humilde,85,148,6,1956593
187,spotify:track:3k3NWokhRRkEPhCzPmV8TW,"Bad Bunny, Bomba Estéreo",Ojitos Lindos,Rimas Entertainment LLC,11,195,38,1948865
188,spotify:track:0wXuerDYiBnERgIpbb3JBR,Childish Gambino,Redbone,Glassnote Entertainment Group LLC,9,184,157,1943785
189,spotify:track:4SqWKzw0CbA05TGszDgMlc,The Walters,I Love You So,Warner Records,9,168,69,1940789
190,spotify:track:5FkoSXiJPKTNyYgALRJFhD,Baby Keem,ORANGE SODA,Baby Keem LLC,54,180,42,1938736
191,spotify:track:6Tm4Io4ct4w14nB1EUzsY3,Nate Smith,Whiskey On You,Arista Nashville,88,-1,19,1932060
192,spotify:track:2t8yVaLvJ0RenpXUIAC52d,21 Savage,a lot,"Slaughter Gang, LLC/Epic Records",7,-1,63,1931280
193,spotify:track:72TFWvU3wUYdUuxejTTIzt,"Rihanna, Drake",Work,Roc Nation / Rihanna,57,107,14,1928062
194,spotify:track:37F7E7BKEw2E4O2L7u0IEp,Freddie Dredd,Limbo,Doomshop Records/RCA Records,94,189,15,1927003
195,spotify:track:4S4QJfBGGrC8jRIjJHf1Ka,PinkPantheress,Pain,Parlophone UK,48,183,20,1924113
196,spotify:track:01Lr5YepbgjXAWR9iOEyH1,Chief Keef,Love Sosa,UMGRI Interscope,44,178,55,1921806
197,spotify:track:5OELUCYgOHKFAvCERnAvfS,Morgan Wallen,More Than My Hometown,Big Loud / Republic,21,-1,99,1902147
198,spotify:track:58k32my5lKofeZRtIvBDg9,Baby Keem,HONEST,Baby Keem LLC,39,196,29,1900952
199,spotify:track:7yq4Qj7cqayVTp3FF9CWbm,Vance Joy,Riptide,F-Stop Records/Atlantic,95,-1,26,1893077
200,spotify:track:2R4AlwtrrkMaRKojcTIzmL,Mac DeMarco,For the First Time,Captured Tracks,154,192,7,1892889
